<skin>
    <!--DPS_MainMenu -->
       <screen name="DPS_MainMenu" position="0,0" size="1280,720" title=" " flags="wfNoBorder" backgroundColor="#000000">

        <!-- background -->
        <eLabel position="0,0" size="1280,720" zPosition="1" backgroundColor="#000000" transparent="1" />
         <ePixmap pixmap="/usr/lib/enigma2/python/Plugins/Extensions/DreamPlex/skins/BlackDon/1280x720/images/default_header-fs8.png" position="0,0" zPosition="2" size="1280,60" alphatest="blend" transparent="0" />
         <ePixmap pixmap="/usr/lib/enigma2/python/Plugins/Extensions/DreamPlex/skins/BlackDon/1280x720/images/default_footer_alt-fs8.png" position="0,660" zPosition="2" size="1280,60" alphatest="blend" transparent="0" />
         <ePixmap pixmap="/usr/lib/enigma2/python/Plugins/Extensions/DreamPlex/skins/BlackDon/1280x720/images/default_moviestrip-fs8.png" position="0,160" zPosition="2" size="1280,200" alphatest="blend" transparent="0" />
         <ePixmap pixmap="/usr/lib/enigma2/python/Plugins/Extensions/DreamPlex/skins/BlackDon/1280x720/images/default_logo_gr-fs8.png" position="515,0" zPosition="3" size="250,250" alphatest="blend" transparent="0" />

        <!-- content -->
         <widget source="menu" render="Listbox" position="425,340" size="430,280" scrollbarMode="showOnDemand" zPosition="4" foregroundColor="#666666" transparent="1" selectionPixmap="/usr/lib/enigma2/python/Plugins/Extensions/DreamPlex/skins/BlackDon/1280x720/images/default_focus_list-fs8.png">
           <convert type="TemplatedMultiContent">
           {"template": [ MultiContentEntryText(pos = (10, 3), size = (430, 40), flags = RT_HALIGN_CENTER, text = 0) ], "fonts": [gFont("Saint", 28)], "itemHeight": 40 }
           </convert>
         </widget>
         
         <widget source="global.CurrentTime" render="Label" position="1170,25" size="169,30" zPosition="3" font="Saint; 22" halign="left" foregroundColor="#666666" backgroundColor="#000000" transparent="1" valign="middle">
           <convert type="ClockToText">Default</convert>
         </widget>
         <widget source="global.CurrentTime" render="Label" position="750,25" size="390,30" zPosition="3" font="Saint; 22" halign="right" foregroundColor="#666666" backgroundColor="#000000" transparent="1" valign="middle">
           <convert type="ClockToText">Date</convert>
         </widget>

       </screen>

    <!-- DPS_Settings -->
       <screen name="DPS_Settings" position="0,0" size="1280,720" title=" " flags="wfNoBorder" backgroundColor="#000000">
         <eLabel text="Settings" transparent="1" zPosition="4" valign="middle" position="50,28" size="190,30" font="Saint; 26" foregroundColor="#5C5C5C" backgroundColor="#000000" halign="left" />

        <!-- background -->
        <eLabel position="0,0" size="1280,720" zPosition="1" backgroundColor="#000000" transparent="1" />
         <ePixmap pixmap="/usr/lib/enigma2/python/Plugins/Extensions/DreamPlex/skins/BlackDon/1280x720/images/default_header-fs8.png" position="0,0" zPosition="2" size="1280,60" alphatest="blend" transparent="0" />
         <ePixmap pixmap="/usr/lib/enigma2/python/Plugins/Extensions/DreamPlex/skins/BlackDon/1280x720/images/default_footer_alt-fs8.png" position="0,660" zPosition="2" size="1280,60" alphatest="blend" transparent="0" />
         <ePixmap pixmap="/usr/lib/enigma2/python/Plugins/Extensions/DreamPlex/skins/BlackDon/1280x720/images/default_moviestrip-fs8.png" position="0,160" zPosition="2" size="1280,200" alphatest="blend" transparent="0" />
         <ePixmap pixmap="/usr/lib/enigma2/python/Plugins/Extensions/DreamPlex/skins/BlackDon/1280x720/images/default_logo_gr-fs8.png" position="515,0" zPosition="3" size="250,250" alphatest="blend" transparent="0" />

        <!-- content -->
         <widget name="config" zPosition="4" position="140,340" size="1000,312" transparent="1" itemHeight="26" scrollbarMode="showNever" foregroundColor="#5C5C5C" foregroundColorSelected="#ffffff" selectionPixmap="/usr/lib/enigma2/python/Plugins/Extensions/DreamPlex/skins/BlackDon/1280x720/images/default_focus_list-fs8.png"/>
        
         <widget source="global.CurrentTime" render="Label" position="1170,25" size="169,30" zPosition="3" font="Saint; 22" halign="left" foregroundColor="#666666" backgroundColor="#000000" transparent="1" valign="middle">
           <convert type="ClockToText">Default</convert>
         </widget>
         <widget source="global.CurrentTime" render="Label" position="750,25" size="390,30" zPosition="3" font="Saint; 22" halign="right" foregroundColor="#666666" backgroundColor="#000000" transparent="1" valign="middle">
           <convert type="ClockToText">Date</convert>
         </widget>
        
        <!-- buttons -->
        <widget source="key_red" render="Label" position="975,665" zPosition="3" size="260,30" font="Saint;22" halign="center" valign="center" foregroundColor="#666666" backgroundColor="#000000" transparent="1" />
        <eLabel text="" zPosition="3" halign="left" position="975,695" size="260,1" backgroundColor="#ff0000"/>

        <widget source="key_green" render="Label" position="45,665" zPosition="3" size="260,30" font="Saint;22" halign="center" valign="center" foregroundColor="#666666" backgroundColor="#000000" transparent="1" />
        <eLabel text="" zPosition="3" halign="left" position="45,695" size="260,1" backgroundColor="#00cc00"/>

    </screen>
    
    <!-- DPS_About -->
       <screen name="DPS_About" position="0,0" size="1280,720" title=" " flags="wfNoBorder" backgroundColor="#000000">
         <widget source="Title" render="Label" transparent="1" zPosition="4" valign="middle" position="50,28" size="190,30" font="Saint; 26" foregroundColor="#5C5C5C" backgroundColor="#000000" halign="left" />

        <!-- background -->
        <eLabel position="0,0" size="1280,720" zPosition="1" backgroundColor="#000000" transparent="1" />
         <ePixmap pixmap="/usr/lib/enigma2/python/Plugins/Extensions/DreamPlex/skins/BlackDon/1280x720/images/default_header-fs8.png" position="0,0" zPosition="2" size="1280,60" alphatest="blend" transparent="0" />
         <ePixmap pixmap="/usr/lib/enigma2/python/Plugins/Extensions/DreamPlex/skins/BlackDon/1280x720/images/default_footer_alt-fs8.png" position="0,660" zPosition="2" size="1280,60" alphatest="blend" transparent="0" />
         <ePixmap pixmap="/usr/lib/enigma2/python/Plugins/Extensions/DreamPlex/skins/BlackDon/1280x720/images/default_moviestrip-fs8.png" position="0,160" zPosition="2" size="1280,200" alphatest="blend" transparent="0" />
         <ePixmap pixmap="/usr/lib/enigma2/python/Plugins/Extensions/DreamPlex/skins/BlackDon/1280x720/images/default_logo_gr-fs8.png" position="515,0" zPosition="3" size="250,250" alphatest="blend" transparent="0" />
        
        <!-- content -->            
         <widget name="about" zPosition="4" position="140,340" size="1000,312" transparent="1" font="Modern;18" backgroundColor="#00000000" foregroundColor="#666666"/>
         <ePixmap pixmap="/usr/lib/enigma2/python/Plugins/Extensions/DreamPlex/skins/BlackDon/1280x720/images/default_dreamplex-fs8.png" position="800,400" zPosition="3" size="213,117" alphatest="blend" transparent="0" />
        
         <widget source="global.CurrentTime" render="Label" position="1170,25" size="169,30" zPosition="3" font="Saint; 22" halign="left" foregroundColor="#666666" backgroundColor="#000000" transparent="1" valign="middle">
           <convert type="ClockToText">Default</convert>
         </widget>
         <widget source="global.CurrentTime" render="Label" position="750,25" size="390,30" zPosition="3" font="Saint; 22" halign="right" foregroundColor="#666666" backgroundColor="#000000" transparent="1" valign="middle">
           <convert type="ClockToText">Date</convert>
         </widget>
        
        <!-- buttons -->
        <widget source="key_red" render="Label" position="975,665" zPosition="3" size="260,30" font="Saint;22" halign="center" valign="center" foregroundColor="#666666" backgroundColor="#000000" transparent="1" />
        <eLabel text="" zPosition="3" halign="left" position="975,695" size="260,1" backgroundColor="#ff0000"/>
        
    </screen>
    
    <!-- DPS_Help -->
       <screen name="DPS_Help" position="0,0" size="1280,720" title=" " flags="wfNoBorder" backgroundColor="#000000">
         <widget source="Title" render="Label" transparent="1" zPosition="4" valign="center" position="110,28" size="190,30" font="Saint; 24" foregroundColor="#5C5C5C" backgroundColor="#000000" halign="left" />

        <!-- background -->
         <eLabel position="0,0" size="1280,720" zPosition="1" backgroundColor="#000000" transparent="1" />
         <ePixmap pixmap="/usr/lib/enigma2/python/Plugins/Extensions/DreamPlex/skins/BlackDon/1280x720/images/default_header-fs8.png" position="0,0" zPosition="2" size="1280,60" alphatest="blend" transparent="0" />
         <ePixmap pixmap="/usr/lib/enigma2/python/Plugins/Extensions/DreamPlex/skins/BlackDon/1280x720/images/default_footer_alt-fs8.png" position="0,660" zPosition="2" size="1280,60" alphatest="blend" transparent="0" />
         <ePixmap pixmap="/usr/lib/enigma2/python/Plugins/Extensions/DreamPlex/skins/BlackDon/1280x720/images/default_moviestrip-fs8.png" position="0,160" zPosition="2" size="1280,200" alphatest="blend" transparent="0" />
         <ePixmap pixmap="/usr/lib/enigma2/python/Plugins/Extensions/DreamPlex/skins/BlackDon/1280x720/images/default_logo_gr-fs8.png" position="515,0" zPosition="3" size="250,250" alphatest="blend" transparent="0" />

        <!-- content -->                        
          <widget name="help" zPosition="4" position="140,340" size="1000,312" transparent="1" font="Modern;18" backgroundColor="#00000000" foregroundColor="#666666"/>
        
         <widget source="global.CurrentTime" render="Label" position="1170,25" size="169,30" zPosition="3" font="Saint; 22" halign="left" foregroundColor="#666666" backgroundColor="#000000" transparent="1" valign="middle">
           <convert type="ClockToText">Default</convert>
         </widget>
         <widget source="global.CurrentTime" render="Label" position="750,25" size="390,30" zPosition="3" font="Saint; 22" halign="right" foregroundColor="#666666" backgroundColor="#000000" transparent="1" valign="middle">
           <convert type="ClockToText">Date</convert>
         </widget>
                
        <!-- buttons -->
        <widget source="key_red" render="Label" position="975,665" zPosition="3" size="260,30" font="Saint;22" halign="center" valign="center" foregroundColor="#666666" backgroundColor="#000000" transparent="1" />
        <eLabel text="" zPosition="3" halign="left" position="975,695" size="260,1" backgroundColor="#ff0000"/>
        
    </screen>
    
    
    <!-- DPS_SystemCheck -->
       <screen name="DPS_SystemCheck" position="0,0" size="1280,720" title=" " flags="wfNoBorder" backgroundColor="#000000">
        <eLabel text="SystemCheck" transparent="1" zPosition="4" valign="center" position="110,28" size="190,30" font="Saint; 24" foregroundColor="#5C5C5C" backgroundColor="#000000" halign="left" />

        <!-- background -->
         <eLabel position="0,0" size="1280,720" zPosition="1" backgroundColor="#000000" transparent="1" />
         <ePixmap pixmap="/usr/lib/enigma2/python/Plugins/Extensions/DreamPlex/skins/BlackDon/1280x720/images/default_header-fs8.png" position="0,0" zPosition="2" size="1280,60" alphatest="blend" transparent="0" />
         <ePixmap pixmap="/usr/lib/enigma2/python/Plugins/Extensions/DreamPlex/skins/BlackDon/1280x720/images/default_footer_alt-fs8.png" position="0,660" zPosition="2" size="1280,60" alphatest="blend" transparent="0" />
         <ePixmap pixmap="/usr/lib/enigma2/python/Plugins/Extensions/DreamPlex/skins/BlackDon/1280x720/images/default_moviestrip-fs8.png" position="0,160" zPosition="2" size="1280,200" alphatest="blend" transparent="0" />
         <ePixmap pixmap="/usr/lib/enigma2/python/Plugins/Extensions/DreamPlex/skins/BlackDon/1280x720/images/default_logo_gr-fs8.png" position="515,0" zPosition="3" size="250,250" alphatest="blend" transparent="0" />

        <!-- content -->
        <widget name="content" zPosition="3" position="140,340" size="1000,312" transparent="1" itemHeight="30" scrollbarMode="showOnDemand" foregroundColor="#5C5C5C" foregroundColorSelected="#ffffff" selectionPixmap="/usr/lib/enigma2/python/Plugins/Extensions/DreamPlex/skins/BlackDon/1280x720/images/default_focus_list-fs8.png"/>
        
         <widget source="global.CurrentTime" render="Label" position="1170,25" size="169,30" zPosition="3" font="Saint; 22" halign="left" foregroundColor="#666666" backgroundColor="#000000" transparent="1" valign="middle">
           <convert type="ClockToText">Default</convert>
         </widget>
         <widget source="global.CurrentTime" render="Label" position="750,25" size="390,30" zPosition="3" font="Saint; 22" halign="right" foregroundColor="#666666" backgroundColor="#000000" transparent="1" valign="middle">
           <convert type="ClockToText">Date</convert>
         </widget>

        <!-- buttons -->
        <widget source="key_red" render="Label" position="975,665" zPosition="3" size="260,30" font="Saint;22" halign="center" valign="center" foregroundColor="#666666" backgroundColor="#000000" transparent="1" />
        <eLabel text="" zPosition="3" halign="left" position="975,695" size="260,1" backgroundColor="#ff0000"/>

    </screen>
    
    <!-- DPS_Mappings -->
       <screen name="DPS_Mappings" position="0,0" size="1280,720" title=" " flags="wfNoBorder" backgroundColor="#000000">
        <eLabel text="Mappings" transparent="1" zPosition="4" valign="center" position="110,28" size="190,30" font="Saint; 24" foregroundColor="#5C5C5C" backgroundColor="#000000" halign="left" />

        <!-- background -->
         <eLabel position="0,0" size="1280,720" zPosition="1" backgroundColor="#000000" transparent="1" />
         <ePixmap pixmap="/usr/lib/enigma2/python/Plugins/Extensions/DreamPlex/skins/BlackDon/1280x720/images/default_header-fs8.png" position="0,0" zPosition="2" size="1280,60" alphatest="blend" transparent="0" />
         <ePixmap pixmap="/usr/lib/enigma2/python/Plugins/Extensions/DreamPlex/skins/BlackDon/1280x720/images/default_footer_alt-fs8.png" position="0,660" zPosition="2" size="1280,60" alphatest="blend" transparent="0" />
         <ePixmap pixmap="/usr/lib/enigma2/python/Plugins/Extensions/DreamPlex/skins/BlackDon/1280x720/images/default_moviestrip-fs8.png" position="0,160" zPosition="2" size="1280,200" alphatest="blend" transparent="0" />
         <ePixmap pixmap="/usr/lib/enigma2/python/Plugins/Extensions/DreamPlex/skins/BlackDon/1280x720/images/default_logo_gr-fs8.png" position="515,0" zPosition="3" size="250,250" alphatest="blend" transparent="0" />
        
        <!-- content -->
        <widget name="content" zPosition="4" position="140,340" size="1000,312" transparent="1" itemHeight="30" scrollbarMode="showOnDemand" foregroundColor="#5C5C5C" foregroundColorSelected="#ffffff" selectionPixmap="/usr/lib/enigma2/python/Plugins/Extensions/DreamPlex/skins/BlackDon/1280x720/images/default_focus_list-fs8.png"/>
        
         <widget source="global.CurrentTime" render="Label" position="1170,25" size="169,30" zPosition="3" font="Saint; 22" halign="left" foregroundColor="#666666" backgroundColor="#000000" transparent="1" valign="middle">
           <convert type="ClockToText">Default</convert>
         </widget>
         <widget source="global.CurrentTime" render="Label" position="750,25" size="390,30" zPosition="3" font="Saint; 22" halign="right" foregroundColor="#666666" backgroundColor="#000000" transparent="1" valign="middle">
           <convert type="ClockToText">Date</convert>
         </widget>

        <!-- buttons -->
        <widget source="key_red" render="Label" position="975,665" zPosition="3" size="260,30" font="Saint;22" halign="center" valign="center" foregroundColor="#666666" backgroundColor="#000000" transparent="1" />
        <eLabel text="" zPosition="3" halign="left" position="975,695" size="260,1" backgroundColor="#ff0000"/>

        <widget source="key_green" render="Label" position="45,665" zPosition="3" size="260,30" font="Saint;22" halign="center" valign="center" foregroundColor="#666666" backgroundColor="#000000" transparent="1" />
        <eLabel text="" zPosition="3" halign="left" position="45,695" size="260,1" backgroundColor="#00cc00"/>

    </screen>
    
    <!-- DPS_ServerEntriesListConfigScreen -->
       <screen name="DPS_ServerEntriesListConfigScreen" position="0,0" size="1280,720" title=" " flags="wfNoBorder" backgroundColor="#000000">
        <eLabel text="Plex-Server" transparent="1" zPosition="4" valign="center" position="110,28" size="190,30" font="Saint; 24" foregroundColor="#5C5C5C" backgroundColor="#000000" halign="left" />

        <!-- background -->
         <eLabel position="0,0" size="1280,720" zPosition="1" backgroundColor="#000000" transparent="1" />
         <ePixmap pixmap="/usr/lib/enigma2/python/Plugins/Extensions/DreamPlex/skins/BlackDon/1280x720/images/default_header-fs8.png" position="0,0" zPosition="2" size="1280,60" alphatest="blend" transparent="0" />
         <ePixmap pixmap="/usr/lib/enigma2/python/Plugins/Extensions/DreamPlex/skins/BlackDon/1280x720/images/default_footer_alt-fs8.png" position="0,660" zPosition="2" size="1280,60" alphatest="blend" transparent="0" />
         <ePixmap pixmap="/usr/lib/enigma2/python/Plugins/Extensions/DreamPlex/skins/BlackDon/1280x720/images/default_moviestrip-fs8.png" position="0,160" zPosition="2" size="1280,200" alphatest="blend" transparent="0" />
         <ePixmap pixmap="/usr/lib/enigma2/python/Plugins/Extensions/DreamPlex/skins/BlackDon/1280x720/images/default_logo_gr-fs8.png" position="515,0" zPosition="3" size="250,250" alphatest="blend" transparent="0" />

        <!-- content -->
        <widget name="state" zPosition="5" size="200,30" font="Regular; 28" halign="left"/>
        <widget name="name" zPosition="5" size="200,30" font="Regular; 28" halign="left"/>
        <widget name="ip" zPosition="5" size="200,30" font="Regular; 28" halign="left"/>
        <widget name="port" zPosition="5" size="80,30" font="Regular; 28" halign="left"/>
        <widget name="entrylist" zPosition="4" position="140,340" size="1000,312" transparent="1" itemHeight="30" scrollbarMode="showOnDemand" foregroundColor="#5C5C5C" foregroundColorSelected="#ffffff" selectionPixmap="/usr/lib/enigma2/python/Plugins/Extensions/DreamPlex/skins/BlackDon/1280x720/images/default_focus_list-fs8.png"/>
        
         <widget source="global.CurrentTime" render="Label" position="1170,25" size="169,30" zPosition="3" font="Saint; 22" halign="left" foregroundColor="#666666" backgroundColor="#000000" transparent="1" valign="middle">
           <convert type="ClockToText">Default</convert>
         </widget>
         <widget source="global.CurrentTime" render="Label" position="750,25" size="390,30" zPosition="3" font="Saint; 22" halign="right" foregroundColor="#666666" backgroundColor="#000000" transparent="1" valign="middle">
           <convert type="ClockToText">Date</convert>
         </widget>
        
        <!-- buttons -->
        <widget source="key_red" render="Label" position="975,665" zPosition="3" size="260,30" font="Saint;22" halign="center" valign="center" foregroundColor="#666666" backgroundColor="#000000" transparent="1" />
        <eLabel text="" zPosition="3" halign="left" position="975,695" size="260,1" backgroundColor="#ff0000"/>

        <widget source="key_yellow" render="Label" position="355,665" zPosition="3" size="260,30" font="Saint;22" halign="center" valign="center" foregroundColor="#666666" backgroundColor="#000000" transparent="1" />
        <eLabel text="" zPosition="3" halign="left" position="355,695" size="260,1" backgroundColor="#ffff00"/>

        <widget source="key_blue" render="Label" position="665,665" zPosition="3" size="260,30" font="Saint;22" halign="center" valign="center" foregroundColor="#666666" backgroundColor="#000000" transparent="1" />
        <eLabel text="" zPosition="3" halign="left" position="665,695" size="260,1" backgroundColor="#0033ff"/>

    </screen>

    <!-- DPS_ServerEntryConfigScreen -->
       <screen name="DPS_ServerEntryConfigScreen" position="0,0" size="1280,720" title=" " flags="wfNoBorder" backgroundColor="#000000">
        <eLabel text="Plex-Server" transparent="1" zPosition="4" valign="center" position="110,28" size="190,30" font="Saint; 24" foregroundColor="#5C5C5C" backgroundColor="#000000" halign="left" />

        <!-- background -->
         <eLabel position="0,0" size="1280,720" zPosition="1" backgroundColor="#000000" transparent="1" />
         <ePixmap pixmap="/usr/lib/enigma2/python/Plugins/Extensions/DreamPlex/skins/BlackDon/1280x720/images/default_header-fs8.png" position="0,0" zPosition="2" size="1280,60" alphatest="blend" transparent="0" />
         <ePixmap pixmap="/usr/lib/enigma2/python/Plugins/Extensions/DreamPlex/skins/BlackDon/1280x720/images/default_footer_alt-fs8.png" position="0,660" zPosition="2" size="1280,60" alphatest="blend" transparent="0" />
         <ePixmap pixmap="/usr/lib/enigma2/python/Plugins/Extensions/DreamPlex/skins/BlackDon/1280x720/images/default_moviestrip-fs8.png" position="0,160" zPosition="2" size="1280,200" alphatest="blend" transparent="0" />
         <ePixmap pixmap="/usr/lib/enigma2/python/Plugins/Extensions/DreamPlex/skins/BlackDon/1280x720/images/default_logo_gr-fs8.png" position="515,0" zPosition="3" size="250,250" alphatest="blend" transparent="0" />

        <!-- content -->
        <widget name="config" zPosition="4" position="140,340" size="1000,312" transparent="1" itemHeight="28" scrollbarMode="showOnDemand" foregroundColor="#5C5C5C" foregroundColorSelected="#ffffff" selectionPixmap="/usr/lib/enigma2/python/Plugins/Extensions/DreamPlex/skins/BlackDon/1280x720/images/default_focus_list-fs8.png"/>
        
         <widget source="global.CurrentTime" render="Label" position="1170,25" size="169,30" zPosition="3" font="Saint; 22" halign="left" foregroundColor="#666666" backgroundColor="#000000" transparent="1" valign="middle">
           <convert type="ClockToText">Default</convert>
         </widget>
         <widget source="global.CurrentTime" render="Label" position="750,25" size="390,30" zPosition="3" font="Saint; 22" halign="right" foregroundColor="#666666" backgroundColor="#000000" transparent="1" valign="middle">
           <convert type="ClockToText">Date</convert>
         </widget>

        <!-- buttons -->
        <widget source="key_red" render="Label" position="975,665" zPosition="3" size="260,30" font="Saint;22" halign="center" valign="center" foregroundColor="#666666" backgroundColor="#000000" transparent="1" />
        <eLabel text="" zPosition="3" halign="left" position="975,695" size="260,1" backgroundColor="#ff0000"/>

        <widget source="key_yellow" render="Label" position="355,665" zPosition="3" size="260,30" font="Saint;22" halign="center" valign="center" foregroundColor="#666666" backgroundColor="#000000" transparent="1" />
        <eLabel text="" zPosition="3" halign="left" position="355,695" size="260,1" backgroundColor="#ffff00"/>

        <widget source="key_green" render="Label" position="45,665" zPosition="3" size="260,30" font="Saint;22" halign="center" valign="center" foregroundColor="#666666" backgroundColor="#000000" transparent="1" />
        <eLabel text="" zPosition="3" halign="left" position="45,695" size="260,1" backgroundColor="#00cc00"/>

    </screen>
    
    <!-- DPS_ViewList -->
       <screen name="DPS_ViewList" position="0,0" size="1280,720" title=" " flags="wfNoBorder" backgroundColor="#000000">
        <eLabel text="Movies" transparent="1" zPosition="4" valign="center" position="110,28" size="190,30" font="Saint; 24" foregroundColor="#5C5C5C" backgroundColor="#000000" halign="left" />
        <widget name="total" transparent="1" zPosition="4" valign="center" halign="left" position="230,28" size="190,30" font="Saint;22" foregroundColor="#FF8C00"  backgroundColor="#000000" />

        <!-- background -->
         <eLabel position="0,0" size="1280,720" zPosition="1" backgroundColor="#000000" transparent="1" />
         <ePixmap pixmap="/usr/lib/enigma2/python/Plugins/Extensions/DreamPlex/skins/BlackDon/1280x720/images/default_header-fs8.png" position="0,0" zPosition="2" size="1280,60" alphatest="blend" transparent="0" />
         <ePixmap pixmap="/usr/lib/enigma2/python/Plugins/Extensions/DreamPlex/skins/BlackDon/1280x720/images/default_logo_kl-fs8.png" position="605,0" zPosition="3" size="70,70" alphatest="blend" transparent="0" />
         <ePixmap pixmap="/usr/lib/enigma2/python/Plugins/Extensions/DreamPlex/skins/BlackDon/1280x720/images/default_frame_backdrop-fs8.png" position="0,0" zPosition="47" size="1280,720" transparent="1" alphatest="blend" />
         <ePixmap pixmap="/usr/lib/enigma2/python/Plugins/Extensions/DreamPlex/skins/BlackDon/1280x720/images/default_cover-fs8.png" zPosition="50" position="90,370" size="240,292" alphatest="blend" transparent="0" />
         <ePixmap pixmap="/usr/lib/enigma2/python/Plugins/Extensions/DreamPlex/skins/BlackDon/icons/info-fs8.png" zPosition="50" position="1105,454" size="110,110" alphatest="blend" transparent="1" />
         <ePixmap pixmap="/usr/lib/enigma2/python/Plugins/Extensions/DreamPlex/skins/BlackDon/1280x720/images/default_bg_list-fs8.png" zPosition="-2" position="150,70" size="755,566" alphatest="blend" transparent="0" />

         <widget source="global.CurrentTime" render="Label" position="1170,25" size="169,30" zPosition="3" font="Saint; 22" halign="left" foregroundColor="#666666" backgroundColor="#000000" transparent="1" valign="middle">
           <convert type="ClockToText">Default</convert>
         </widget>
         <widget source="global.CurrentTime" render="Label" position="750,25" size="390,30" zPosition="3" font="Saint; 22" halign="right" foregroundColor="#666666" backgroundColor="#000000" transparent="1" valign="middle">
           <convert type="ClockToText">Date</convert>
         </widget>
           
        <widget source="listview" render="Listbox" zPosition="8" position="35,75" size="500,245" scrollbarMode="showNever" foregroundColor="#666666" foregroundColorSelected="#ffffff" backgroundColor="#000000" transparent="1" selectionPixmap="/usr/lib/enigma2/python/Plugins/Extensions/DreamPlex/skins/BlackDon/1280x720/images/default_focus_list-fs8.png"> 
          <convert type="TemplatedMultiContent">
                {"template": [ MultiContentEntryText(pos = (40,1), size = (500,36), flags = RT_HALIGN_LEFT | RT_VALIGN_CENTER, text = 0),
                MultiContentEntryPixmapAlphaTest(pos = (10,6), size = (24,24), png = 4) ],
                "fonts": [gFont("Saint", 25)],
                "itemHeight": 40,
                "scrollbarMode": "showNever"
                }
        </convert>
        </widget>
        
        <widget name="title" transparent="1" zPosition="5" halign="left" position="545,75" size="680,36" font="Saint;25" foregroundColor="#FF8C00"  backgroundColor="#000000" />
        <widget name="shortDescription" text="" transparent="1" zPosition="40" halign="left" position="545,110" size="657,165" font="Saint; 21" foregroundColor="#ffffff" backgroundColor="#000000" />

        <widget name="genreLabel" transparent="1" zPosition="4" halign="left" position="885,270" size="120,30" font="Saint; 20" foregroundColor="#FF8C00"  backgroundColor="#000000"/>
        <widget name="runtimeLabel" transparent="1" zPosition="4" halign="left" position="850,298" size="160,30" font="Saint; 20" foregroundColor="#FF8C00"  backgroundColor="#000000"/>
        <widget name="yearLabel" transparent="1" zPosition="4" halign="left" position="1050,298" size="160,30" font="Saint; 20" foregroundColor="#FF8C00"  backgroundColor="#000000"/>
       
        <widget name="genre" transparent="1" zPosition="4" halign="left" valign="top"  position="966,270" size="200,25" font="Saint; 20" foregroundColor="#ffffff" backgroundColor="#000000"/>
        <widget name="runtime" transparent="1" zPosition="4" halign="left" valign="top" position="950,298" size="160,25" font="Saint; 20" foregroundColor="#ffffff" backgroundColor="#000000"/>
        <widget name="year" transparent="1" zPosition="4" halign="left" valign="top" position="1115,298" size="160,25" font="Saint; 20" foregroundColor="#ffffff" backgroundColor="#000000"/>
        <widget name="rating_stars" zPosition="84" position="635,293" size="141,29" transparent="1" orientation="orHorizontal" pixmap="/usr/lib/enigma2/python/Plugins/Extensions/DreamPlex/skins/BlackDon/icons/five_stars_bright-fs8.png" />

        <widget name="resolution" position="558,637" size="58,24" transparent="1" alphatest="blend" zPosition="48" pixmaps="/usr/lib/enigma2/python/Plugins/Extensions/DreamPlex/skins/BlackDon/icons/resolution-1080-fs8.png,/usr/lib/enigma2/python/Plugins/Extensions/DreamPlex/skins/BlackDon/icons/resolution-720-fs8.png,/usr/lib/enigma2/python/Plugins/Extensions/DreamPlex/skins/BlackDon/icons/resolution-sd-fs8.png" />
        <widget name="aspect" position="668,637" size="58,24" transparent="1" alphatest="blend" zPosition="48" pixmaps="/usr/lib/enigma2/python/Plugins/Extensions/DreamPlex/skins/BlackDon/icons/aspect-4_3-fs8.png,/usr/lib/enigma2/python/Plugins/Extensions/DreamPlex/skins/BlackDon/icons/aspect-16_9-fs8.png,/usr/lib/enigma2/python/Plugins/Extensions/DreamPlex/skins/BlackDon/icons/aspect-2.35-fs8.png" />
        <widget name="codec"  position="772,632" size="70,32" transparent="1" alphatest="blend" zPosition="48" pixmaps="/usr/lib/enigma2/python/Plugins/Extensions/DreamPlex/skins/BlackDon/icons/codec-vc1-fs8.png,/usr/lib/enigma2/python/Plugins/Extensions/DreamPlex/skins/BlackDon/icons/codec-h.264-fs8.png,/usr/lib/enigma2/python/Plugins/Extensions/DreamPlex/skins/BlackDon/icons/codec-mpeg4-fs8.png,/usr/lib/enigma2/python/Plugins/Extensions/DreamPlex/skins/BlackDon/icons/codec-mpeg2-fs8.png" />
        <widget name="audio" position="882,632" size="70,32" transparent="1" alphatest="blend" zPosition="48" pixmaps="/usr/lib/enigma2/python/Plugins/Extensions/DreamPlex/skins/BlackDon/icons/audio-dts-fs8.png,/usr/lib/enigma2/python/Plugins/Extensions/DreamPlex/skins/BlackDon/icons/audio-ac3-fs8.png,/usr/lib/enigma2/python/Plugins/Extensions/DreamPlex/skins/BlackDon/icons/audio-stereo-fs8.png,/usr/lib/enigma2/python/Plugins/Extensions/DreamPlex/skins/BlackDon/icons/audio-mp3-fs8.png" />
        <widget name="rated" position="992,632" size="70,32" transparent="1" alphatest="blend" zPosition="48" pixmaps="/usr/lib/enigma2/python/Plugins/Extensions/DreamPlex/skins/BlackDon/icons/rated-pg13-fs8.png,/usr/lib/enigma2/python/Plugins/Extensions/DreamPlex/skins/BlackDon/icons/rated-pg-fs8.png,/usr/lib/enigma2/python/Plugins/Extensions/DreamPlex/skins/BlackDon/icons/rated-r-fs8.png,/usr/lib/enigma2/python/Plugins/Extensions/DreamPlex/skins/BlackDon/icons/rated-nc-17-fs8.png,/usr/lib/enigma2/python/Plugins/Extensions/DreamPlex/skins/BlackDon/icons/rated-g-fs8.png,/usr/lib/enigma2/python/Plugins/Extensions/DreamPlex/skins/BlackDon/icons/rated-not-fs8.png" />
        
        <eLabel text="" zPosition="14" halign="left" position="30,356" size="345,1" backgroundColor="#5C5C5C"/>
        <widget name="current" transparent="1" zPosition="5" halign="left" valign="center" position="61,325" size="190,30" font="Saint;22" foregroundColor="#FF8C00"  backgroundColor="#000000" />
       
        <widget name="subtitles" transparent="1" zPosition="-90" halign="left"  position="687,379" size="200,25" font="Saint; 22" backgroundColor="#40000000"/>                                
        <widget name="tag" transparent="1" zPosition="48" halign="center" valign="center" noWrap="1" position="35,673" size="340,26" font="Saint; 20" foregroundColor="#5C5C5C"  backgroundColor="#000000"/>
        <widget name="poster" transparent="1" zPosition="49" position="121,379" size="195,268" alphatest="blend" />
        <widget name="postertext" transparent="1" zPosition="-88" halign="left" position="716,502" size="200,40" font="Regular;22" foregroundColor="#ffffff" backgroundColor="#000000"/>
		<widget name="backdrop" transparent="0" zPosition="45" position="525,355" size="560,315" alphatest="blend" />
        <widget name="backdroptext" transparent="1" zPosition="4" halign="left" position="700,500" size="200,40" font="Regular;22" foregroundColor="#ffffff" backgroundColor="#40000000"/>
        
		<widget name="functionsContainer" transparent="0" zPosition="49" position="525,355" size="560,315" backgroundColor="#000000" />
        <widget name="number_key_popup" zPosition="51" halign="left" valign="center" position="436,560" size="75,80" font="Saint;70" foregroundColor="#FF8C00" backgroundColor="#000000" />
        
        <widget name="txt_red" transparent="1" zPosition="50" halign="left" valign="top" position="700,384" size="400,32" font="Saint; 20" foregroundColor="#5C5C5C"  backgroundColor="#000000"/>
        <widget name="btn_red" transparent="0" zPosition="50" position="645,380" size="32,32"/>
        
        <widget name="txt_blue" transparent="1" zPosition="50" halign="left" valign="top" position="700,424" size="400,32" font="Saint; 20" foregroundColor="#5C5C5C"  backgroundColor="#000000"/>
        <widget name="btn_blue" transparent="0" zPosition="50" position="645,420" size="32,32"/>
        
        <widget name="txt_yellow" transparent="1" zPosition="50" halign="left" valign="top" position="700,464" size="400,32" font="Saint; 20" foregroundColor="#5C5C5C"  backgroundColor="#000000"/>
        <widget name="btn_yellow" transparent="0" zPosition="50" position="645,460" size="32,32"/>
        
        <widget name="txt_filter" transparent="1" zPosition="50" halign="left" valign="top" position="700,504" size="400,32" font="Saint; 20" foregroundColor="#5C5C5C"  backgroundColor="#000000"/>
        
        <widget name="btn_zero" alphatest="blend" zPosition="50" position="622,507" size="35,25" backgroundColor="#000000"/>
        <widget name="btn_nine" alphatest="blend" zPosition="50" position="655,507" size="35,25" backgroundColor="#000000"/>
        
        <widget name="txt_menu" transparent="1" zPosition="50" halign="left" valign="top" position="700,544" size="300,25" font="Saint; 20" foregroundColor="#5C5C5C"  backgroundColor="#000000"/>
        <widget name="btn_menu" alphatest="blend" zPosition="50" position="625,540" size="70,30" backgroundColor="#000000"/>
        
        <widget name="txt_pvr" transparent="1" zPosition="50" halign="left" valign="top" position="700,584" size="300,25" font="Saint; 20" foregroundColor="#5C5C5C"  backgroundColor="#000000"/>
        <widget name="btn_pvr" alphatest="blend" zPosition="50" position="625,580" size="70,30" backgroundColor="#000000"/>

    </screen>
<!-- DPS_ViewListLong -->
    <screen name="DPS_ViewListLong" position="0,0" size="1280,720" title=" " flags="wfNoBorder" backgroundColor="#000000">
        <eLabel text="Movies" transparent="1" zPosition="4" valign="center" position="110,28" size="190,30" font="Saint; 24" foregroundColor="#5C5C5C" backgroundColor="#000000" halign="left" />

        <!-- background -->
         <eLabel position="0,0" size="1280,720" zPosition="1" backgroundColor="#000000" transparent="1" />
         <ePixmap pixmap="/usr/lib/enigma2/python/Plugins/Extensions/DreamPlex/skins/BlackDon/1280x720/images/default_header-fs8.png" position="0,0" zPosition="2" size="1280,60" alphatest="blend" transparent="0" />
         <ePixmap pixmap="/usr/lib/enigma2/python/Plugins/Extensions/DreamPlex/skins/BlackDon/1280x720/images/default_footer-fs8.png" position="0,660" zPosition="2" size="1280,60" alphatest="blend" transparent="0" />
         <ePixmap pixmap="/usr/lib/enigma2/python/Plugins/Extensions/DreamPlex/skins/BlackDon/1280x720/images/default_logo_kl-fs8.png" position="605,0" zPosition="3" size="70,70" alphatest="blend" transparent="0" />
         <ePixmap pixmap="/usr/lib/enigma2/python/Plugins/Extensions/DreamPlex/skins/BlackDon/1280x720/images/default_bg_list-fs8.png" zPosition="-2" position="150,70" size="755,566" alphatest="blend" transparent="0" />

         <widget source="global.CurrentTime" render="Label" position="1170,25" size="169,30" zPosition="3" font="Saint; 22" halign="left" foregroundColor="#666666" backgroundColor="#000000" transparent="1" valign="middle">
           <convert type="ClockToText">Default</convert>
         </widget>
         <widget source="global.CurrentTime" render="Label" position="750,25" size="390,30" zPosition="3" font="Saint; 22" halign="right" foregroundColor="#666666" backgroundColor="#000000" transparent="1" valign="middle">
           <convert type="ClockToText">Date</convert>
         </widget>
        
         <widget source="listview" render="Listbox" zPosition="8" position="25,85" size="500,565" scrollbarMode="showNever" foregroundColor="#5C5C5C" foregroundColorSelected="#ffffff" backgroundColor="#000000" transparent="1" selectionPixmap="/usr/lib/enigma2/python/Plugins/Extensions/DreamPlex/skins/BlackDon/1280x720/images/default_focus_list-fs8.png"> 
          <convert type="TemplatedMultiContent">
                {"template": [ MultiContentEntryText(pos = (40,1), size = (500,36), flags = RT_HALIGN_LEFT | RT_VALIGN_CENTER, text = 0),
                MultiContentEntryPixmapAlphaTest(pos = (10,6), size = (24,24), png = 4) ],
                "fonts": [gFont("Saint", 25)],
                "itemHeight": 40,
                "scrollbarMode": "showNever"
                }
        </convert>
        </widget>

        <widget name="resolution" position="838,615" size="58,24" transparent="1" alphatest="blend" zPosition="48" pixmaps="/usr/lib/enigma2/python/Plugins/Extensions/DreamPlex/skins/BlackDon/icons/resolution-1080-fs8.png,/usr/lib/enigma2/python/Plugins/Extensions/DreamPlex/skins/BlackDon/icons/resolution-720-fs8.png,/usr/lib/enigma2/python/Plugins/Extensions/DreamPlex/skins/BlackDon/icons/resolution-sd-fs8.png" />
        <widget name="aspect" position="948,615" size="58,24" transparent="1" alphatest="blend" zPosition="48" pixmaps="/usr/lib/enigma2/python/Plugins/Extensions/DreamPlex/skins/BlackDon/icons/aspect-4_3-fs8.png,/usr/lib/enigma2/python/Plugins/Extensions/DreamPlex/skins/BlackDon/icons/aspect-16_9-fs8.png,/usr/lib/enigma2/python/Plugins/Extensions/DreamPlex/skins/BlackDon/icons/aspect-2.35-fs8.png" />
        <widget name="codec"  position="1052,610" size="70,32" transparent="1" alphatest="blend" zPosition="48" pixmaps="/usr/lib/enigma2/python/Plugins/Extensions/DreamPlex/skins/BlackDon/icons/codec-vc1-fs8.png,/usr/lib/enigma2/python/Plugins/Extensions/DreamPlex/skins/BlackDon/icons/codec-h.264-fs8.png,/usr/lib/enigma2/python/Plugins/Extensions/DreamPlex/skins/BlackDon/icons/codec-mpeg4-fs8.png,/usr/lib/enigma2/python/Plugins/Extensions/DreamPlex/skins/BlackDon/icons/codec-mpeg2-fs8.png" />
        <widget name="audio" position="1162,610" size="70,32" transparent="1" alphatest="blend" zPosition="48" pixmaps="/usr/lib/enigma2/python/Plugins/Extensions/DreamPlex/skins/BlackDon/icons/audio-dts-fs8.png,/usr/lib/enigma2/python/Plugins/Extensions/DreamPlex/skins/BlackDon/icons/audio-ac3-fs8.png,/usr/lib/enigma2/python/Plugins/Extensions/DreamPlex/skins/BlackDon/icons/audio-stereo-fs8.png,/usr/lib/enigma2/python/Plugins/Extensions/DreamPlex/skins/BlackDon/icons/audio-mp3-fs8.png" />

        <widget name="rated" position="945,530" size="70,32" transparent="1" alphatest="blend" zPosition="48" pixmaps="/usr/lib/enigma2/python/Plugins/Extensions/DreamPlex/skins/BlackDon/icons/rated-pg13-fs8.png,/usr/lib/enigma2/python/Plugins/Extensions/DreamPlex/skins/BlackDon/icons/rated-pg-fs8.png,/usr/lib/enigma2/python/Plugins/Extensions/DreamPlex/skins/BlackDon/icons/rated-r-fs8.png,/usr/lib/enigma2/python/Plugins/Extensions/DreamPlex/skins/BlackDon/icons/rated-nc-17-fs8.png,/usr/lib/enigma2/python/Plugins/Extensions/DreamPlex/skins/BlackDon/icons/rated-g-fs8.png,/usr/lib/enigma2/python/Plugins/Extensions/DreamPlex/skins/BlackDon/icons/rated-not-fs8.png" />
        <widget name="rating_stars" zPosition="84" position="910,490" size="141,29" transparent="1" orientation="orHorizontal" pixmap="/usr/lib/enigma2/python/Plugins/Extensions/DreamPlex/skins/BlackDon/icons/five_stars_bright-fs8.png" />
        
        <widget name="shortDescription" text="" transparent="1" zPosition="14" halign="left" position="545,140" size="710,229" font="Saint; 21" foregroundColor="#ffffff" backgroundColor="#000000" />
        
        <widget name="current" transparent="1" zPosition="5" halign="left" valign="center" position="70,666" size="190,30" font="Saint;22" foregroundColor="#FF8C00"  backgroundColor="#000000" />
        <widget name="total" transparent="1" zPosition="4" valign="center" halign="left" position="275,666" size="190,30" font="Saint;22" foregroundColor="#FF8C00"  backgroundColor="#000000" />
                
        <widget name="title" transparent="1" zPosition="5" halign="left" position="545,75" size="680,36" font="Saint;25" foregroundColor="#FF8C00"  backgroundColor="#000000" />
                        
        <widget name="tag" transparent="1" zPosition="48" halign="left" noWrap="1" position="545,110" size="550,26" font="Saint; 20" foregroundColor="#5C5C5C"  backgroundColor="#000000"/>
            
        <widget name="genreLabel" transparent="1" zPosition="4" halign="right" position="820,400" size="120,30" font="Saint; 20" foregroundColor="#FF8C00"  backgroundColor="#000000"/>
        <widget name="runtimeLabel" transparent="1" zPosition="4" halign="right" position="820,430" size="120,30" font="Saint; 20" foregroundColor="#FF8C00"  backgroundColor="#000000"/>
        <widget name="yearLabel" transparent="1" zPosition="4" halign="right" position="820,460" size="120,30" font="Saint; 20" foregroundColor="#FF8C00"  backgroundColor="#000000"/>
       
        <widget name="genre" transparent="1" zPosition="4" halign="left" valign="top"  position="950,400" size="200,25" font="Saint; 20" foregroundColor="#ffffff" backgroundColor="#000000"/>
        <widget name="runtime" transparent="1" zPosition="4" halign="left" valign="top" position="950,430" size="160,25" font="Saint; 20" foregroundColor="#ffffff" backgroundColor="#000000"/>
        <widget name="year" transparent="1" zPosition="4" halign="left" valign="top" position="950,460" size="160,25" font="Saint; 20" foregroundColor="#ffffff" backgroundColor="#000000"/>

        <ePixmap pixmap="/usr/lib/enigma2/python/Plugins/Extensions/DreamPlex/skins/BlackDon/1280x720/images/default_info-fs8.png" zPosition="50" position="1200,682" size="41,16" alphatest="blend" transparent="1" />
        
        <widget name="poster" transparent="1" zPosition="6" position="601,399" size="195,268" alphatest="blend" />
        <widget name="postertext" transparent="1" zPosition="4" halign="left" position="150,500" size="200,40" font="Regular;22" backgroundColor="#000000"/>
		<widget name="backdrop" transparent="0" zPosition="-2" position="0,70" size="1280,720" alphatest="blend" />   
        <widget name="backdroptext" transparent="1" zPosition="4" halign="left" position="700,500" size="200,40" font="Regular;22" foregroundColor="#ffffff" backgroundColor="#000000"/>
        
		<widget name="functionsContainer" transparent="0" zPosition="85" position="570,390" size="660,320" backgroundColor="#000000" />
        <widget name="number_key_popup" zPosition="51" halign="left" valign="center" position="436,560" size="75,80" font="Saint;70" foregroundColor="#FF8C00" backgroundColor="#000000" />
        
        <widget name="txt_red" transparent="1" zPosition="86" halign="left" valign="top" position="700,399" size="400,32" font="Saint; 20" foregroundColor="#5C5C5C"  backgroundColor="#000000"/>
        <widget name="btn_red" transparent="0" zPosition="86" position="645,395" size="32,32"/>
        
        <widget name="txt_blue" transparent="1" zPosition="86" halign="left" valign="top" position="700,439" size="400,32" font="Saint; 20" foregroundColor="#5C5C5C"  backgroundColor="#000000"/>
        <widget name="btn_blue" transparent="0" zPosition="86" position="645,435" size="32,32"/>
        
        <widget name="txt_yellow" transparent="1" zPosition="86" halign="left" valign="top" position="700,479" size="400,32" font="Saint; 20" foregroundColor="#5C5C5C"  backgroundColor="#000000"/>
        <widget name="btn_yellow" transparent="0" zPosition="86" position="645,475" size="32,32"/>
        
        <widget name="txt_filter" transparent="1" zPosition="86" halign="left" valign="top" position="700,519" size="400,32" font="Saint; 20" foregroundColor="#5C5C5C"  backgroundColor="#000000"/>
        
        <widget name="btn_zero" alphatest="blend" zPosition="86" position="622,522" size="35,25" backgroundColor="#000000"/>
        <widget name="btn_nine" alphatest="blend" zPosition="86" position="655,522" size="35,25" backgroundColor="#000000"/>
        
        <widget name="txt_menu" transparent="1" zPosition="86" halign="left" valign="top" position="700,559" size="300,25" font="Saint; 20" foregroundColor="#5C5C5C"  backgroundColor="#000000"/>
        <widget name="btn_menu" alphatest="blend" zPosition="86" position="625,555" size="70,30" backgroundColor="#000000"/>
        
        <widget name="txt_pvr" transparent="1" zPosition="86" halign="left" valign="top" position="700,599" size="300,25" font="Saint; 20" foregroundColor="#5C5C5C"  backgroundColor="#000000"/>
        <widget name="btn_pvr" alphatest="blend" zPosition="86" position="625,595" size="70,30" backgroundColor="#000000"/>

    </screen>
<!-- DPS_ViewBackdrop -->
    <screen name="DPS_ViewBackdrop" position="0,0" size="1280,720" title=" " flags="wfNoBorder" backgroundColor="#ffffffff">
        <eLabel text="Movies" transparent="1" zPosition="4" valign="center" position="50,290" size="190,30" font="Saint; 24" foregroundColor="#FFFFFF" backgroundColor="#000000" halign="left" />
        <widget name="total" transparent="1" zPosition="4" valign="center" halign="left" position="50,670" size="190,30" font="Saint; 20" foregroundColor="#FF8C00"  backgroundColor="#000000" />
        
        <eLabel position="0,0" size="1280,720" zPosition="-3" backgroundColor="#90000000" transparent="0" />
        <ePixmap pixmap="/usr/lib/enigma2/python/Plugins/Extensions/DreamPlex/skins/BlackDon/1280x720/images/default_content_bg-fs8.png" position="0,0" zPosition="-1" size="1280,720" transparent="1" alphatest="blend" />
        <ePixmap pixmap="/usr/lib/enigma2/python/Plugins/Extensions/DreamPlex/skins/BlackDon/1280x720/images/default_cover-fs8.png" zPosition="50" position="495,210" size="242,290" alphatest="blend" transparent="0" />
            
        <widget source="listview" render="Listbox" zPosition="8" position="35,340" size="450,320" scrollbarMode="showNever" foregroundColor="#CCCCCC" foregroundColorSelected="#ffffff" backgroundColor="#000000" transparent="1" selectionPixmap="/usr/lib/enigma2/python/Plugins/Extensions/DreamPlex/skins/BlackDon/1280x720/images/default_focus_list-fs8.png"> 
          <convert type="TemplatedMultiContent">
                {"template": [ MultiContentEntryText(pos = (40,1), size = (450,36), flags = RT_HALIGN_LEFT | RT_VALIGN_CENTER, text = 0),
                MultiContentEntryPixmapAlphaTest(pos = (10,6), size = (24,24), png = 4) ],
                "fonts": [gFont("Saint", 25)],
                "itemHeight": 40,
                "scrollbarMode": "showNever"
                }
        </convert>
        </widget>
        
        <widget source="global.CurrentTime" render="Label" position="370,305" size="100,30" zPosition="4" font="Saint; 18" halign="right" foregroundColor="#CCCCCC" backgroundColor="#000000" transparent="1" valign="top">
           <convert type="ClockToText">Default</convert>
        </widget>
        
        <widget source="global.CurrentTime" render="Label" position="160,305" size="250,30" zPosition="4" font="Saint; 18" halign="right" foregroundColor="#CCCCCC" backgroundColor="#000000" transparent="1">
           <convert type="ClockToText">Date</convert>
        </widget>

        <ePixmap pixmap="/usr/lib/enigma2/python/Plugins/Extensions/DreamPlex/skins/BlackDon/1280x720/images/default_info-fs8.png" zPosition="50" position="1200,25" size="41,16" alphatest="blend" transparent="1" />
        
        <widget name="resolution" position="758,465" size="58,24" transparent="1" alphatest="blend" zPosition="48" pixmaps="/usr/lib/enigma2/python/Plugins/Extensions/DreamPlex/skins/BlackDon/icons/resolution-1080-fs8.png,/usr/lib/enigma2/python/Plugins/Extensions/DreamPlex/skins/BlackDon/icons/resolution-720-fs8.png,/usr/lib/enigma2/python/Plugins/Extensions/DreamPlex/skins/BlackDon/icons/resolution-sd-fs8.png" />
        <widget name="aspect" position="868,465" size="58,24" transparent="1" alphatest="blend" zPosition="48" pixmaps="/usr/lib/enigma2/python/Plugins/Extensions/DreamPlex/skins/BlackDon/icons/aspect-4_3-fs8.png,/usr/lib/enigma2/python/Plugins/Extensions/DreamPlex/skins/BlackDon/icons/aspect-16_9-fs8.png,/usr/lib/enigma2/python/Plugins/Extensions/DreamPlex/skins/BlackDon/icons/aspect-2.35-fs8.png" />
        <widget name="codec"  position="972,460" size="70,32" transparent="1" alphatest="blend" zPosition="48" pixmaps="/usr/lib/enigma2/python/Plugins/Extensions/DreamPlex/skins/BlackDon/icons/codec-vc1-fs8.png,/usr/lib/enigma2/python/Plugins/Extensions/DreamPlex/skins/BlackDon/icons/codec-h.264-fs8.png,/usr/lib/enigma2/python/Plugins/Extensions/DreamPlex/skins/BlackDon/icons/codec-mpeg4-fs8.png,/usr/lib/enigma2/python/Plugins/Extensions/DreamPlex/skins/BlackDon/icons/codec-mpeg2-fs8.png" />
        <widget name="audio" position="1082,460" size="70,32" transparent="1" alphatest="blend" zPosition="48" pixmaps="/usr/lib/enigma2/python/Plugins/Extensions/DreamPlex/skins/BlackDon/icons/audio-dts-fs8.png,/usr/lib/enigma2/python/Plugins/Extensions/DreamPlex/skins/BlackDon/icons/audio-ac3-fs8.png,/usr/lib/enigma2/python/Plugins/Extensions/DreamPlex/skins/BlackDon/icons/audio-stereo-fs8.png,/usr/lib/enigma2/python/Plugins/Extensions/DreamPlex/skins/BlackDon/icons/audio-mp3-fs8.png" />
        <widget name="rated" position="1192,460" size="70,32" transparent="1" alphatest="blend" zPosition="48" pixmaps="/usr/lib/enigma2/python/Plugins/Extensions/DreamPlex/skins/BlackDon/icons/rated-pg13-fs8.png,/usr/lib/enigma2/python/Plugins/Extensions/DreamPlex/skins/BlackDon/icons/rated-pg-fs8.png,/usr/lib/enigma2/python/Plugins/Extensions/DreamPlex/skins/BlackDon/icons/rated-r-fs8.png,/usr/lib/enigma2/python/Plugins/Extensions/DreamPlex/skins/BlackDon/icons/rated-nc-17-fs8.png,/usr/lib/enigma2/python/Plugins/Extensions/DreamPlex/skins/BlackDon/icons/rated-g-fs8.png,/usr/lib/enigma2/python/Plugins/Extensions/DreamPlex/skins/BlackDon/icons/rated-not-fs8.png" />
                
        <widget name="rating_stars" zPosition="84" position="860,420" size="141,29" transparent="1" orientation="orHorizontal" pixmap="/usr/lib/enigma2/python/Plugins/Extensions/DreamPlex/skins/BlackDon/icons/five_stars_bright-fs8.png" />
        
        <widget name="shortDescription" text="" transparent="1" zPosition="14" halign="left" position="550,510" size="720,210" font="Saint; 21" foregroundColor="#ffffff" backgroundColor="#000000" />
        
        <eLabel text="" zPosition="14" halign="left" position="30,330" size="460,1" backgroundColor="#5C5C5C"/>
        <eLabel text="" zPosition="14" halign="left" position="30,670" size="460,1" backgroundColor="#5C5C5C"/>
        <widget name="current" transparent="1" zPosition="5" halign="right" valign="center" position="280,670" size="190,30" font="Saint;20" foregroundColor="#FF8C00"  backgroundColor="#000000" />
                
        <widget name="title" transparent="1" zPosition="5" halign="left" position="750,290" size="520,30" font="Saint;24" foregroundColor="#FF8C00"  backgroundColor="#000000" />
                        
        <widget name="tag" transparent="1" zPosition="48" halign="left" valign="center" noWrap="1" position="770,320" size="500,26" font="Saint; 20" foregroundColor="#CCCCCC"  backgroundColor="#000000"/>
            
        <widget name="genreLabel" transparent="1" zPosition="4" halign="right" valign="center" position="725,361" size="120,30" font="Saint; 16" foregroundColor="#FF8C00"  backgroundColor="#000000"/>
        <widget name="runtimeLabel" transparent="1" zPosition="4" halign="right" valign="center" position="725,391" size="120,30" font="Saint; 16" foregroundColor="#FF8C00"  backgroundColor="#000000"/>
        <widget name="yearLabel" transparent="1" zPosition="4" halign="right" valign="center" position="900,391" size="120,30" font="Saint; 16" foregroundColor="#FF8C00"  backgroundColor="#000000"/>
       
        <widget name="genre" transparent="1" zPosition="4" halign="left" valign="center"  position="860,360" size="400,30" font="Saint; 20" foregroundColor="#ffffff" backgroundColor="#000000"/>
        <widget name="runtime" transparent="1" zPosition="4" halign="left" valign="center" position="860,390" size="160,30" font="Saint; 20" foregroundColor="#ffffff" backgroundColor="#000000"/>
        <widget name="year" transparent="1" zPosition="4" halign="left" valign="center" position="1035,390" size="160,30" font="Saint; 20" foregroundColor="#ffffff" backgroundColor="#000000"/>
        
        <widget name="poster" transparent="1" zPosition="49" position="528,220" size="195,268" alphatest="blend" />        
        <widget name="postertext" transparent="1" zPosition="4" halign="left" position="150,500" size="200,40" font="Regular;22" backgroundColor="#000000"/>
		<widget name="backdropVideo" transparent="1" zPosition="-3" position="0,0" size="1280,720" />
		<widget name="backdrop" transparent="0" zPosition="-2" position="0,0" size="1280,720" alphatest="blend" />
        <widget name="backdroptext" transparent="1" zPosition="4" halign="left" position="700,500" size="200,40" font="Regular;22" foregroundColor="#ffffff" backgroundColor="#000000"/>
       
        <widget name="functionsContainer" transparent="0" zPosition="46" position="550,510" size="720,203" backgroundColor="#000000" />
        <widget name="number_key_popup" zPosition="51" halign="left" valign="center" position="436,560" size="75,80" font="Saint;70" foregroundColor="#FF8C00" backgroundColor="#000000" />
        
        <widget name="txt_red" transparent="1" zPosition="86" halign="left" valign="top" position="600,527" size="250,32" font="Saint; 18" foregroundColor="#5C5C5C"  backgroundColor="#000000"/>
        <widget name="btn_red" transparent="0" zPosition="86" position="560,520" size="32,32"/>
        
        <widget name="txt_blue" transparent="1" zPosition="86" halign="left" valign="top" position="600,570" size="250,32" font="Saint; 18" foregroundColor="#5C5C5C"  backgroundColor="#000000"/>
        <widget name="btn_blue" transparent="0" zPosition="86" position="560,560" size="32,32"/>
        
        <widget name="txt_yellow" transparent="1" zPosition="86" halign="left" valign="top" position="600,610" size="250,32" font="Saint; 18" foregroundColor="#5C5C5C"  backgroundColor="#000000"/>
        <widget name="btn_yellow" transparent="0" zPosition="86" position="560,600" size="32,32"/>
        
        <widget name="txt_filter" transparent="1" zPosition="86" halign="left" valign="top" position="970,527" size="300,32" font="Saint; 18" foregroundColor="#5C5C5C"  backgroundColor="#000000"/>
        <widget name="btn_zero" alphatest="blend" zPosition="86" position="880,525" size="35,25" backgroundColor="#000000"/>
        <widget name="btn_nine" alphatest="blend" zPosition="86" position="920,525" size="35,25" backgroundColor="#000000"/>
        
        <widget name="txt_menu" transparent="1" zPosition="50" halign="left" valign="top" position="970,570" size="300,25" font="Saint; 18" foregroundColor="#5C5C5C"  backgroundColor="#000000"/>
            <widget name="btn_menu" alphatest="blend" zPosition="50" position="880,565" size="70,30" backgroundColor="#000000"/>
        
        <widget name="txt_pvr" transparent="1" zPosition="50" halign="left" valign="top" position="970,610" size="300,25" font="Saint; 18" foregroundColor="#5C5C5C"  backgroundColor="#000000"/>
            <widget name="btn_pvr" alphatest="blend" zPosition="50" position="880,605" size="70,30" backgroundColor="#000000"/>

    </screen>
    
    <!-- DPS_PlexPlayer -->
    <screen name="DPS_PlexPlayer" position="70,600" size="1140,80" title="InfoBar" flags="wfNoBorder">
        <ePixmap position="0,0" zPosition="-1" size="1140,80" pixmap="/usr/lib/enigma2/python/Plugins/Extensions/DreamPlex/skins/BlackDon/all/infobarmovie.png" />
        <ePixmap zPosition="-1" position="625,40" size="500,8" pixmap="/usr/lib/enigma2/python/Plugins/Extensions/DreamPlex/skins/BlackDon/all/progress_grey.png" />
        <ePixmap zPosition="-1" position="15,40" size="500,8" pixmap="/usr/lib/enigma2/python/Plugins/Extensions/DreamPlex/skins/BlackDon/all/progress_grey.png" />
        
        <widget source="session.CurrentService" render="Label" position="15, 5" size="260,28" font="Regular;26" valign="top" noWrap="1" foregroundColor="#00404040" backgroundColor="#00000000" transparent="1">
            <convert type="ServiceName">Name</convert>
        </widget>
       
        <widget source="global.CurrentTime" render="Label" position="280,12" size=" 80,25" font="Regular;23" halign="right" backgroundColor="#00000000" foregroundColor="#00404040" transparent="1">
            <convert type="ClockToText">Default</convert>
        </widget>
       
        <widget source="global.CurrentTime" render="Label" position="375,12" size="140,25" font="Regular;23" halign="right" backgroundColor="#00000000" foregroundColor="#00404040" transparent="1">
            <convert type="ClockToText">Format:%d.%m.%Y</convert>
        </widget>
        
        
        <widget source="session.CurrentService" render="Progress" position="15,40" size="500,8" zPosition="1" pixmap="/usr/lib/enigma2/python/Plugins/Extensions/DreamPlex/skins/BlackDon/all/progress.png" transparent="1">
            <convert type="ServicePosition">Position</convert>
        </widget>
        
        <widget source="session.CurrentService" render="PositionGauge" position="15,40" size="500,10" zPosition="2" transparent="1">
            <convert type="ServicePosition">Gauge</convert>
        </widget>
        
        <widget source="session.CurrentService" render="Label" position=" 15,48" size="120,28" font="Regular;24" halign="left" foregroundColor="#00404040" backgroundColor="#00000000" transparent="1">
            <convert type="ServicePosition">Position</convert>
        </widget>
        
        <widget source="session.CurrentService" render="Label" position="395,48" size="120,28" font="Regular;24" halign="right" foregroundColor="#00404040" backgroundColor="#00000000" transparent="1">
            <convert type="ServicePosition">Remaining</convert>
        </widget>
        
        <widget source="session.CurrentService" render="Label" position=" 200,48" size="135,24" font="Regular;22" halign="center" foregroundColor="#00404040" backgroundColor="#00000000" transparent="1">
            <convert type="ServicePosition">Length</convert>
        </widget>
        
        <widget name="bufferslider" position="625,40" size="500,8" zPosition="3" transparent="1" pixmap="/usr/lib/enigma2/python/Plugins/Extensions/DreamPlex/skins/BlackDon/all/progress.png" />
        <widget source="mediaTitle"  transparent="1" render="Label" zPosition="3" position="625,5"  size="350,28" font="Regular;23" backgroundColor="#00000000" foregroundColor="#00404040" />
    </screen>
</skin>