<skin>
	<!--DPS_MainMenu -->
	   <screen name="DPS_MainMenu" position="0,0" size="1280,720" title=" " backgroundColor="#ffffffff" flags="wfNoBorder">
		<eLabel text="DreamPlex" position="40,532" size="1273,296" font="Saint; 150" backgroundColor="#ccffffff" transparent="1" foregroundColor="#ccffffff" valign="top" zPosition="-50" />					
		<eLabel backgroundColor="#40000000" position="265,410" zPosition="-1" size="340,70"  transparent="0" />
		<widget source="menu" render="Listbox" position="636,60" size="429,555" scrollbarMode="showNever" enableWrapAround="1" transparent="1">
          <convert type="TemplatedMultiContent">
          {"template": [ MultiContentEntryText(pos = (30, 5), size = (420, 50), flags = RT_HALIGN_LEFT, text = 0) ], 
		  "fonts": [gFont("Saint", 30)], 
		  "itemHeight": 60 }
          </convert>
        </widget> 	    	    			
		<widget source="global.CurrentTime" render="Label" position="450,401" size="169,80" font="Saint; 60" halign="left" backgroundColor="#40000000" transparent="1" valign="top">
          <convert type="ClockToText">Default</convert>
        </widget>
        <widget source="global.CurrentTime" render="Label" position="290,444" size="148,29" font="Saint; 20" halign="right" backgroundColor="#40000000" foregroundColor="#00bbbbbb" transparent="1">
          <convert type="ClockToText">Format:%e. %B</convert>
        </widget>
        <widget source="global.CurrentTime" render="Label" position="313,415" size="125,30" font="Saint; 20" halign="right" backgroundColor="#40000000" foregroundColor="#00bbbbbb" transparent="1">
          <convert type="ClockToText">Format:%A</convert>
        </widget>
        <eLabel backgroundColor="#40000000" position="264,51" zPosition="-1" size="340,320"  transparent="0" />
        <!--ePixmap  pixmap="/usr/lib/enigma2/python/Plugins/Extensions/DreamPlex/skins/Plexi/1280x720/images/dreamplex.png" position="310,85" size="256,256" alphatest="blend" /-->
        <widget source="menu" render="Pixmap" pixmap="/usr/lib/enigma2/python/Plugins/Extensions/DreamPlex/skins/Plexi/1280x720/images/dreamplex.png" position="310,85" size="256,256" alphatest="blend" >
            <convert type="MenuEntryCompare">serverEntry</convert>
            <convert type="ConditionalShowHide" />
        </widget>
        <widget source="menu" render="Pixmap" pixmap="/usr/lib/enigma2/python/Plugins/Extensions/DreamPlex/skins/Plexi/1280x720/images/menu_system.png" position="310,85" size="256,256" alphatest="blend" >
            <convert type="MenuEntryCompare">settingsEntry</convert>
            <convert type="ConditionalShowHide" />
        </widget>
		<widget source="menu" render="Pixmap" pixmap="/usr/lib/enigma2/python/Plugins/Extensions/DreamPlex/skins/Plexi/1280x720/images/menu_info.png" position="310,85" size="256,256" alphatest="blend" >
            <convert type="MenuEntryCompare">aboutEntry</convert>
            <convert type="ConditionalShowHide" />
        </widget>
        <widget source="menu" render="Pixmap" pixmap="/usr/lib/enigma2/python/Plugins/Extensions/DreamPlex/skins/Plexi/1280x720/images/menu_system.png" position="310,85" size="256,256" alphatest="blend" >
            <convert type="MenuEntryCompare">systemEntry</convert>
            <convert type="ConditionalShowHide" />
        </widget>
        <widget source="menu" render="Pixmap" pixmap="/usr/lib/enigma2/python/Plugins/Extensions/DreamPlex/skins/Plexi/1280x720/images/menu_movies.png" position="310,85" size="256,256" alphatest="blend" >
            <convert type="MenuEntryCompare">movieEntry</convert>
            <convert type="ConditionalShowHide" />
        </widget>
        <widget source="menu" render="Pixmap" pixmap="/usr/lib/enigma2/python/Plugins/Extensions/DreamPlex/skins/Plexi/1280x720/images/menu_shows.png" position="310,85" size="256,256" alphatest="blend" >
            <convert type="MenuEntryCompare">showEntry</convert>
            <convert type="ConditionalShowHide" />
        </widget>
        <eLabel backgroundColor="#40000000" position="645,51" size="412,565"  zPosition="-11"  transparent="0"/>		
       </screen>
	   <!-- DPS_Settings -->
	   <screen name="DPS_Settings" position="0,0" size="1280,720" title=" " backgroundColor="#ffffffff" flags="wfNoBorder">
		 <eLabel text="Einstellungen" transparent="1" zPosition="4" valign="center" position="72,50" size="290,60" font="Saint; 40" backgroundColor="#40000000" halign="left" />
	   <!-- visu -->
		 <widget name="config" zPosition="3" position="72,146" size="830,346" transparent="1" itemHeight="38" scrollbarMode="showOnDemand" foregroundColor="#00bbbbbb" />
		 <widget source="help" render="Label" position="72,500" size="830,100" font="Regular; 20" zPosition="30" />
		 <ePixmap position="947,59" size="256,256" zPosition="2" pixmap="/usr/lib/enigma2/python/Plugins/Extensions/DreamPlex/skins/Plexi/1280x720/images/menu_system.png" transparent="1" alphatest="blend" />
		 <widget source="global.CurrentTime" render="Label" position="914,334" size="169,80" font="Saint; 60" halign="right" backgroundColor="#40000000" transparent="1" valign="top">
           <convert type="ClockToText">Default</convert>
         </widget>
         <widget source="global.CurrentTime" render="Label" position="1092,380" size="148,29" font="Saint; 20" halign="left" backgroundColor="#40000000" foregroundColor="#00bbbbbb" transparent="1">
           <convert type="ClockToText">Format:%e. %B</convert>
         </widget>
         <widget source="global.CurrentTime" render="Label" position="1097,349" size="125,30" font="Saint; 20" halign="left" backgroundColor="#40000000" foregroundColor="#00bbbbbb" transparent="1">
           <convert type="ClockToText">Format:%A</convert>
         </widget>
		<eLabel backgroundColor="#40000000" position="58,51" zPosition="-11" size="861,595"  transparent="0"/>
		<eLabel backgroundColor="#40000000" position="940,51" zPosition="-1" size="280,270"  transparent="0" />
		<eLabel backgroundColor="#40000000" position="940,339" zPosition="-1" size="280,70"  transparent="0" />
		<eLabel backgroundColor="#40000000"	position="940,423" zPosition="-1" size="280,223"  transparent="0" />	
		<ePixmap position="972,423" size="225,225" zPosition="2" pixmap="/usr/lib/enigma2/python/Plugins/Extensions/DreamPlex/skins/Plexi/1280x720/images/dreamplex-fs8.png" transparent="1" alphatest="blend" />
	<!-- buttons -->
		<ePixmap pixmap="/usr/lib/enigma2/python/Plugins/Extensions/DreamPlex/skins/Plexi/1280x720/buttons/red.png" zPosition="6" position="665,605" size="7,40" alphatest="blend" />
		<ePixmap pixmap="/usr/lib/enigma2/python/Plugins/Extensions/DreamPlex/skins/Plexi/1280x720/buttons/green.png" zPosition="6" position="232,605" size="7,40" alphatest="blend" />
		<widget source="key_red" render="Label" position="685,608" zPosition="9" size="231,37" font="Saint;20" halign="left" valign="center" foregroundColor="#00bbbbbb" backgroundColor="#40000000" transparent="1" />
        <widget source="key_green" render="Label" position="140,608" zPosition="9" size="231,37" font="Saint;20" halign="left" valign="center" foregroundColor="#00bbbbbb" backgroundColor="#40000000" transparent="1" />
	</screen>
	<!-- DPS_About -->
    <screen name="DPS_About" position="0,0" size="1280,720" title=" " backgroundColor="#ffffffff" flags="wfNoBorder">
        <widget source="Title" render="Label" transparent="1" zPosition="4" valign="center" position="72,50" size="90,60" font="Saint; 40" backgroundColor="#40000000" halign="left" />
		<eLabel text="DreamPlex" position="40,532" size="1273,296" font="Saint; 150" backgroundColor="#ccffffff" transparent="1" foregroundColor="#ccffffff" valign="top" zPosition="-50" />
		<!-- visu -->
        <eLabel backgroundColor="#40000000" position="58,51" zPosition="-11" size="861,595"  transparent="0"/>
		<widget name="about" zPosition="3" position="72,130" size="830,440" transparent="1" font="Regular;22" foregroundColor="#00bbbbbb" backgroundColor="#40000000" />
        <ePixmap position="952,59" size="256,256" zPosition="2" pixmap="/usr/lib/enigma2/python/Plugins/Extensions/DreamPlex/skins/Plexi/1280x720/images/menu_info.png" transparent="1" alphatest="blend" />
		<widget source="global.CurrentTime" render="Label" position="914,334" size="169,80" font="Saint; 60" halign="right" backgroundColor="#40000000" transparent="1" valign="top">
          <convert type="ClockToText">Default</convert>
        </widget>
        <widget source="global.CurrentTime" render="Label" position="1092,380" size="148,29" font="Saint; 20" halign="left" backgroundColor="#40000000" foregroundColor="#00bbbbbb" transparent="1">
          <convert type="ClockToText">Format:%e. %B</convert>
        </widget>
        <widget source="global.CurrentTime" render="Label" position="1097,349" size="125,30" font="Saint; 20" halign="left" backgroundColor="#40000000" foregroundColor="#00bbbbbb" transparent="1">
          <convert type="ClockToText">Format:%A</convert>
        </widget>
		<eLabel backgroundColor="#40000000" position="940,51" zPosition="-1" size="280,270"  transparent="0" />
		<eLabel backgroundColor="#40000000" position="940,339" zPosition="-1" size="280,70"  transparent="0" />
		<eLabel backgroundColor="#40000000"	position="940,423" zPosition="-1" size="280,223"  transparent="0" />	
		<ePixmap position="972,423" size="225,225" zPosition="2" pixmap="/usr/lib/enigma2/python/Plugins/Extensions/DreamPlex/skins/Plexi/1280x720/images/dreamplex-fs8.png" transparent="1" alphatest="blend" />
		<!-- buttons -->
        <ePixmap pixmap="/usr/lib/enigma2/python/Plugins/Extensions/DreamPlex/skins/Plexi/1280x720/buttons/red.png" zPosition="6" position="230,605" size="7,40" alphatest="blend" />
        <widget source="key_red" render="Label" position="140,608" zPosition="9" size="231,37" font="Saint;20" halign="left" valign="center" foregroundColor="#00bbbbbb" backgroundColor="#40000000" transparent="1" />
       </screen>    
    <!-- DPS_Help -->
       <screen name="DPS_Help" position="0,0" size="1280,720" title=" " backgroundColor="#ffffffff" flags="wfNoBorder">
         <widget source="Title" render="Label" transparent="1" zPosition="4" valign="center" position="72,50" size="90,60" font="Saint; 40" backgroundColor="#40000000" halign="left" />
		 <eLabel text="DreamPlex" position="40,532" size="1273,296" font="Saint; 150" backgroundColor="#ccffffff" transparent="1" foregroundColor="#ccffffff" valign="top" zPosition="-50" />
         <eLabel backgroundColor="#40000000" position="58,51" zPosition="-11" size="861,595"  transparent="0" />
		 <widget name="help" zPosition="3" position="72,155" size="830,400" transparent="1" font="Regular;22" foregroundColor="#00bbbbbb" backgroundColor="#40000000" />
         <ePixmap position="952,59" size="256,256" zPosition="2" pixmap="/usr/lib/enigma2/python/Plugins/Extensions/DreamPlex/skins/Plexi/1280x720/images/menu_info.png" transparent="1" alphatest="blend" />
		 <eLabel backgroundColor="#40000000" position="940,51" zPosition="-1" size="280,270"  transparent="0" />
		 <widget source="global.CurrentTime" render="Label" position="914,334" size="169,80" font="Saint; 60" halign="right" backgroundColor="#40000000" transparent="1" valign="top">
           <convert type="ClockToText">Default</convert>
         </widget>
         <widget source="global.CurrentTime" render="Label" position="1092,380" size="148,29" font="Saint; 20" halign="left" backgroundColor="#40000000" foregroundColor="#00bbbbbb" transparent="1">
          <convert type="ClockToText">Format:%e. %B</convert>
         </widget>
         <widget source="global.CurrentTime" render="Label" position="1097,349" size="125,30" font="Saint; 20" halign="left" backgroundColor="#40000000" foregroundColor="#00bbbbbb" transparent="1">
          <convert type="ClockToText">Format:%A</convert>
         </widget>
         <eLabel backgroundColor="#40000000" position="940,339" zPosition="-1" size="280,70"  transparent="0" />
		 <eLabel backgroundColor="#40000000" position="940,423" zPosition="-1" size="280,223"  transparent="0" />	
		 <ePixmap position="972,423" size="225,225" zPosition="2" pixmap="/usr/lib/enigma2/python/Plugins/Extensions/DreamPlex/skins/Plexi/1280x720/images/dreamplex-fs8.png" transparent="1" alphatest="blend" />
		<!-- buttons -->
         <ePixmap pixmap="/usr/lib/enigma2/python/Plugins/Extensions/DreamPlex/skins/Plexi/1280x720/buttons/red.png" zPosition="6" position="230,605" size="7,40" alphatest="blend" />
         <widget source="key_red" render="Label" position="140,608" zPosition="9" size="231,37" font="Saint;20" halign="left" valign="center" foregroundColor="#00bbbbbb" backgroundColor="#40000000" transparent="1" />
    </screen> 
	<!-- DPS_SystemCheck -->
	<screen name="DPS_SystemCheck" position="0,0" size="1280,720" title=" " backgroundColor="#ffffffff" flags="wfNoBorder">
		<eLabel text="DreamPlex" position="40,532" size="1273,296" font="Saint; 150" backgroundColor="#ccffffff" transparent="1" foregroundColor="#ccffffff" valign="top" zPosition="-50" />
		<eLabel text="SystemCheck" transparent="1" zPosition="4" valign="center" position="72,50" size="290,50" font="Saint; 40" backgroundColor="#40000000" halign="left" />
		<!-- visu -->
		<eLabel backgroundColor="#40000000" position="58,51" zPosition="-11" size="861,595"  transparent="0" />
		<!-- content -->
		<widget name="content" zPosition="3" position="72,116" size="830,495" transparent="1" itemHeight="35" scrollbarMode="showNever" foregroundColor="#00bbbbbb" foregroundColorSelected="#ffffff" />
		<ePixmap position="952,59" size="256,256" zPosition="2" pixmap="/usr/lib/enigma2/python/Plugins/Extensions/DreamPlex/skins/Plexi/1280x720/images/menu_system.png" transparent="1" alphatest="blend" />
		<eLabel backgroundColor="#40000000" position="940,51" zPosition="-1" size="280,270"  transparent="0" />
		<widget source="global.CurrentTime" render="Label" position="914,334" size="169,80" font="Saint; 60" halign="right" backgroundColor="#40000000" transparent="1" valign="top">
           <convert type="ClockToText">Default</convert>
        </widget>
        <widget source="global.CurrentTime" render="Label" position="1092,380" size="148,29" font="Saint; 20" halign="left" backgroundColor="#40000000" foregroundColor="#00bbbbbb" transparent="1">
         <convert type="ClockToText">Format:%e. %B</convert>
        </widget>
        <widget source="global.CurrentTime" render="Label" position="1097,349" size="125,30" font="Saint; 20" halign="left" backgroundColor="#40000000" foregroundColor="#00bbbbbb" transparent="1">
          <convert type="ClockToText">Format:%A</convert>
        </widget>
		<eLabel backgroundColor="#40000000" position="940,339" zPosition="-1" size="280,70"  transparent="0" />
		<eLabel backgroundColor="#40000000" position="940,423" zPosition="-1" size="280,223"  transparent="0" />
		<ePixmap position="972,423" size="225,225" zPosition="2" pixmap="/usr/lib/enigma2/python/Plugins/Extensions/DreamPlex/skins/Plexi/1280x720/images/dreamplex-fs8.png" transparent="1" alphatest="blend" />
		<!-- buttons -->
		<ePixmap pixmap="/usr/lib/enigma2/python/Plugins/Extensions/DreamPlex/skins/Plexi/1280x720/buttons/red.png" zPosition="6" position="230,605" size="7,40" alphatest="blend" />
		<!-- functions -->
		<widget source="key_red" render="Label" position="140,608" zPosition="9" size="231,37" font="Saint;20" halign="left" valign="center" foregroundColor="#00bbbbbb" backgroundColor="#40000000" transparent="1" />
		<!--widget source="key_green" render="Label" position="373,656" zPosition="4" size="231,37" font="Saint;20" halign="center" valign="center" transparent="1" /-->
	</screen>	
	<!-- DPS_ServerEntriesListConfigScreen -->
	<screen name="DPS_ServerEntriesListConfigScreen" position="0,0" size="1280,720" title=" " backgroundColor="#ffffffff" flags="wfNoBorder">
		<eLabel text="Plex Server" transparent="1" zPosition="4" valign="center" position="72,50" size="290,50" font="Saint; 40" backgroundColor="#40000000" halign="left" />
		<eLabel text="DreamPlex" position="40,532" size="1273,296" font="Saint; 150" backgroundColor="#ccffffff" transparent="1" foregroundColor="#ccffffff" valign="top" zPosition="-50" />
			<!--  visu -->
		<eLabel backgroundColor="#40000000" position="58,51" zPosition="-11" size="861,595"  transparent="0" />
		<ePixmap position="952,59" size="256,256" zPosition="2" pixmap="/usr/lib/enigma2/python/Plugins/Extensions/DreamPlex/skins/Plexi/1280x720/images/systemcheck.png" transparent="1" alphatest="blend" />
		<eLabel backgroundColor="#40000000" position="940,51" zPosition="-1" size="280,270"  transparent="0" />
		<widget source="global.CurrentTime" render="Label" position="914,334" size="169,80" font="Saint; 60" halign="right" backgroundColor="#40000000" transparent="1" valign="top">
           <convert type="ClockToText">Default</convert>
        </widget>
        <widget source="global.CurrentTime" render="Label" position="1092,380" size="148,29" font="Saint; 20" halign="left" backgroundColor="#40000000" foregroundColor="#00bbbbbb" transparent="1">
         <convert type="ClockToText">Format:%e. %B</convert>
        </widget>
        <widget source="global.CurrentTime" render="Label" position="1097,349" size="125,30" font="Saint; 20" halign="left" backgroundColor="#40000000" foregroundColor="#00bbbbbb" transparent="1">
          <convert type="ClockToText">Format:%A</convert>
        </widget>
		<eLabel backgroundColor="#40000000" position="940,339" zPosition="-1" size="280,70"  transparent="0" />
		<eLabel backgroundColor="#40000000" position="940,423" zPosition="-1" size="280,223"  transparent="0" />
		<ePixmap position="972,423" size="225,225" zPosition="2" pixmap="/usr/lib/enigma2/python/Plugins/Extensions/DreamPlex/skins/Plexi/1280x720/images/dreamplex-fs8.png" transparent="1" alphatest="blend" />
		<!-- buttons -->
		<!-- content -->
		<widget name="state" position="255,410" zPosition="2" size="200,50" font="Regular; 28" halign="left"/>
		<widget name="name" position="255,410" zPosition="2" size="200,50" font="Regular; 28" halign="left"/>
		<widget name="ip" position="465,410" zPosition="2" size="200,50" font="Regular; 28" halign="left"/>
		<widget name="port" position="650,410" zPosition="2" size="80,50" font="Regular; 28" halign="left"/>
		<widget name="entrylist" zPosition="4" position="72,116" size="830,495" transparent="1" itemHeight="35" scrollbarMode="showNever" foregroundColor="#00bbbbbb" foregroundColorSelected="#ffffff" />
			
		<!-- buttons -->
		<ePixmap pixmap="/usr/lib/enigma2/python/Plugins/Extensions/DreamPlex/skins/Plexi/1280x720/buttons/red.png" zPosition="3" position="134,605" size="7,40" alphatest="blend" />
		<ePixmap pixmap="/usr/lib/enigma2/python/Plugins/Extensions/DreamPlex/skins/Plexi/1280x720/buttons/yellow.png" zPosition="3" position="423,605" size="7,40" alphatest="blend" />
		<ePixmap pixmap="/usr/lib/enigma2/python/Plugins/Extensions/DreamPlex/skins/Plexi/1280x720/buttons/blue.png" zPosition="3" position="713,605" size="7,40" alphatest="blend" />
		<!-- functions -->
		<widget source="key_red" render="Label" position="161,608" zPosition="4" size="231,37" font="Saint;20" halign="left" valign="center" foregroundColor="#00bbbbbb" backgroundColor="#40000000" transparent="1" />
        <widget source="key_yellow" render="Label" position="450,608" zPosition="4" size="331,37" font="Saint;20" halign="left" valign="center" foregroundColor="#00bbbbbb" backgroundColor="#40000000" transparent="1" />
        <widget source="key_blue" render="Label" position="740,608" zPosition="4" size="331,37" font="Saint;20" halign="left" valign="center" foregroundColor="#00bbbbbb" backgroundColor="#40000000" transparent="1" />
	</screen>
	<!-- DPS_ServerEntryConfigScreen -->
	<screen name="DPS_ServerEntryConfigScreen" position="0,0" size="1280,720" title=" " backgroundColor="#ffffffff" flags="wfNoBorder">
		<eLabel text="Einstellungen PlexServer" transparent="1" zPosition="4" valign="center" position="72,50" size="590,60" font="Saint; 40" backgroundColor="#40000000" halign="left" />
		<eLabel text="DreamPlex" position="40,532" size="1273,296" font="Saint; 150" backgroundColor="#ccffffff" transparent="1" foregroundColor="#ccffffff" valign="top" zPosition="-50" />
		<!-- visu -->
		<eLabel backgroundColor="#40000000" position="58,51" zPosition="-11" size="861,595"  transparent="0" />
		<ePixmap position="952,59" size="256,256" zPosition="2" pixmap="/usr/lib/enigma2/python/Plugins/Extensions/DreamPlex/skins/Plexi/1280x720/images/systemcheck.png" transparent="1" alphatest="blend" />
		<eLabel backgroundColor="#40000000" position="940,51" zPosition="-1" size="280,270"  transparent="0" />
		<eLabel backgroundColor="#40000000" position="940,339" zPosition="-1" size="280,70"  transparent="0" />
		<eLabel backgroundColor="#40000000" position="940,423" zPosition="-1" size="280,223"  transparent="0" />
		<ePixmap position="972,423" size="225,225" zPosition="2" pixmap="/usr/lib/enigma2/python/Plugins/Extensions/DreamPlex/skins/Plexi/1280x720/images/dreamplex-fs8.png" transparent="1" alphatest="blend" />
		<!-- content -->
		<widget name="config" zPosition="3" position="72,110" size="830,386" transparent="1" itemHeight="35" scrollbarMode="showNever" foregroundColor="#00bbbbbb" />
		<widget source="global.CurrentTime" render="Label" position="914,334" size="169,80" font="Saint; 60" halign="right" backgroundColor="#40000000" transparent="1" valign="top">
           <convert type="ClockToText">Default</convert>
        </widget>
        <widget source="global.CurrentTime" render="Label" position="1092,380" size="148,29" font="Saint; 20" halign="left" backgroundColor="#40000000" foregroundColor="#00bbbbbb" transparent="1">
         <convert type="ClockToText">Format:%e. %B</convert>
        </widget>
        <widget source="global.CurrentTime" render="Label" position="1097,349" size="125,30" font="Saint; 20" halign="left" backgroundColor="#40000000" foregroundColor="#00bbbbbb" transparent="1">
          <convert type="ClockToText">Format:%A</convert>
        </widget>
		<!-- buttons -->
		<ePixmap pixmap="/usr/lib/enigma2/python/Plugins/Extensions/DreamPlex/skins/Plexi/1280x720/buttons/red.png" zPosition="3" position="138,605" size="7,40" alphatest="blend" />
		<ePixmap pixmap="/usr/lib/enigma2/python/Plugins/Extensions/DreamPlex/skins/Plexi/1280x720/buttons/green.png" zPosition="3" position="427,605" size="7,40" alphatest="blend" />
		<ePixmap pixmap="/usr/lib/enigma2/python/Plugins/Extensions/DreamPlex/skins/Plexi/1280x720/buttons/yellow.png" zPosition="3" position="642,605" size="7,40" alphatest="blend" />
		<!-- functions -->
		<widget source="key_red" render="Label" position="161,608" zPosition="4" size="231,37" font="Saint;20" halign="left" valign="center" foregroundColor="#00bbbbbb" backgroundColor="#40000000" transparent="1" />
        <widget source="key_green" render="Label" position="450,608" zPosition="4" size="331,37" font="Saint;20" halign="left" valign="center" foregroundColor="#00bbbbbb" backgroundColor="#40000000" transparent="1" />
        <widget source="key_yellow" render="Label" position="665,608" zPosition="4" size="331,37" font="Saint;20" halign="left" valign="center" foregroundColor="#00bbbbbb" backgroundColor="#40000000" transparent="1" />
	</screen>
    <!-- DPS_Mappings -->
    <screen name="DPS_Mappings" position="0,0" size="1280,720" title=" " backgroundColor="#ffffffff" flags="wfNoBorder">
        <!-- visu -->
		<eLabel text="Mappings" transparent="1" zPosition="4" valign="center" position="72,50" size="590,60" font="Saint; 40" backgroundColor="#40000000" halign="left" />
		<eLabel text="DreamPlex" position="40,532" size="1273,296" font="Saint; 150" backgroundColor="#ccffffff" transparent="1" foregroundColor="#ccffffff" valign="top" zPosition="-50" />
		<!-- visu -->
		<eLabel backgroundColor="#40000000" position="58,51" zPosition="-11" size="861,595"  transparent="0" />
		<ePixmap position="952,59" size="256,256" zPosition="2" pixmap="/usr/lib/enigma2/python/Plugins/Extensions/DreamPlex/skins/Plexi/1280x720/images/menu_system.png" transparent="1" alphatest="blend" />
		<eLabel backgroundColor="#40000000" position="940,51" zPosition="-1" size="280,270"  transparent="0" />
		<eLabel backgroundColor="#40000000" position="940,339" zPosition="-1" size="280,70"  transparent="0" />
		<eLabel backgroundColor="#40000000" position="940,423" zPosition="-1" size="280,223"  transparent="0" />
		<ePixmap position="972,423" size="225,225" zPosition="2" pixmap="/usr/lib/enigma2/python/Plugins/Extensions/DreamPlex/skins/Plexi/1280x720/images/dreamplex-fs8.png" transparent="1" alphatest="blend" />
        <!-- content -->
        <widget name="content" zPosition="3" position="72,110" size="830,386" transparent="1" itemHeight="35" scrollbarMode="showNever" foregroundColor="#00bbbbbb" />
        <widget source="global.CurrentTime" render="Label" position="914,334" size="169,80" font="Saint; 60" halign="right" backgroundColor="#40000000" transparent="1" valign="top">
           <convert type="ClockToText">Default</convert>
        </widget>
        <widget source="global.CurrentTime" render="Label" position="1092,380" size="148,29" font="Saint; 20" halign="left" backgroundColor="#40000000" foregroundColor="#00bbbbbb" transparent="1">
         <convert type="ClockToText">Format:%e. %B</convert>
        </widget>
        <widget source="global.CurrentTime" render="Label" position="1097,349" size="125,30" font="Saint; 20" halign="left" backgroundColor="#40000000" foregroundColor="#00bbbbbb" transparent="1">
          <convert type="ClockToText">Format:%A</convert>
        </widget>
        <!-- buttons -->
		<ePixmap pixmap="/usr/lib/enigma2/python/Plugins/Extensions/DreamPlex/skins/Plexi/1280x720/buttons/red.png" zPosition="6" position="655,605" size="7,40" alphatest="blend" />
		<ePixmap pixmap="/usr/lib/enigma2/python/Plugins/Extensions/DreamPlex/skins/Plexi/1280x720/buttons/green.png" zPosition="6" position="318,605" size="7,40" alphatest="blend" />
		<widget source="key_red" render="Label" position="685,608" zPosition="9" size="231,37" font="Saint;20" halign="left" valign="center" foregroundColor="#00bbbbbb" backgroundColor="#40000000" transparent="1" />
        <widget source="key_green" render="Label" position="140,608" zPosition="9" size="231,37" font="Saint;20" halign="left" valign="center" foregroundColor="#00bbbbbb" backgroundColor="#40000000" transparent="1" />
    </screen>
	<!-- DPS_PathSelector -->
	<screen name="DPS_PathSelector" position="0,0" size="1280,720" backgroundColor="#ffffffff" flags="wfNoBorder" title="Select path ...">
		<!-- visu -->
		<eLabel text="PathSelector" transparent="1" zPosition="4" valign="center" position="72,50" size="590,60" font="Saint; 40" backgroundColor="#40000000" halign="left" />
		<eLabel text="DreamPlex" position="40,532" size="1273,296" font="Saint; 150" backgroundColor="#ccffffff" transparent="1" foregroundColor="#ccffffff" valign="top" zPosition="-50" />
		<!-- visu -->
		<eLabel backgroundColor="#40000000" position="58,51" zPosition="-11" size="861,595"  transparent="0" />
		<ePixmap position="952,59" size="256,256" zPosition="2" pixmap="/usr/lib/enigma2/python/Plugins/Extensions/DreamPlex/skins/Plexi/1280x720/images/menu_system.png" transparent="1" alphatest="blend" />
		<eLabel backgroundColor="#40000000" position="940,51" zPosition="-1" size="280,270"  transparent="0" />
		<eLabel backgroundColor="#40000000" position="940,339" zPosition="-1" size="280,70"  transparent="0" />
		<eLabel backgroundColor="#40000000" position="940,423" zPosition="-1" size="280,223"  transparent="0" />
		<ePixmap position="972,423" size="225,225" zPosition="2" pixmap="/usr/lib/enigma2/python/Plugins/Extensions/DreamPlex/skins/Plexi/1280x720/images/dreamplex-fs8.png" transparent="1" alphatest="blend" />
        <widget source="global.CurrentTime" render="Label" position="914,334" size="169,80" font="Saint; 60" halign="right" backgroundColor="#40000000" transparent="1" valign="top">
           <convert type="ClockToText">Default</convert>
        </widget>
        <widget source="global.CurrentTime" render="Label" position="1092,380" size="148,29" font="Saint; 20" halign="left" backgroundColor="#40000000" foregroundColor="#00bbbbbb" transparent="1">
         <convert type="ClockToText">Format:%e. %B</convert>
        </widget>
        <widget source="global.CurrentTime" render="Label" position="1097,349" size="125,30" font="Saint; 20" halign="left" backgroundColor="#40000000" foregroundColor="#00bbbbbb" transparent="1">
          <convert type="ClockToText">Format:%A</convert>
        </widget>
		<widget name="target" position="72,108" size="847,40" halign="left" font="Regular;27" />
		<widget name="filelist" zPosition="3" position="72,160" size="830,326" scrollbarMode="showOnDemand"/>
		<!-- buttons -->
		<ePixmap pixmap="/usr/lib/enigma2/python/Plugins/Extensions/DreamPlex/skins/Plexi/1280x720/buttons/red.png" zPosition="6" position="655,605" size="7,40" alphatest="blend" />
		<ePixmap pixmap="/usr/lib/enigma2/python/Plugins/Extensions/DreamPlex/skins/Plexi/1280x720/buttons/green.png" zPosition="6" position="305,605" size="7,40" alphatest="blend" />
		<widget source="key_red" render="Label" position="685,608" zPosition="9" size="231,37" font="Saint;20" halign="left" valign="center" foregroundColor="#00bbbbbb" backgroundColor="#40000000" transparent="1" />
        <widget source="key_green" render="Label" position="257,608" zPosition="9" size="231,37" font="Saint;20" halign="left" valign="center" foregroundColor="#00bbbbbb" backgroundColor="#40000000" transparent="1" />
	</screen>
	<!-- DPS_ViewList -->
	<screen name="DPS_ViewList" position="0,0" size="1280,720" title=" " flags="wfNoBorder" backgroundColor="#ffffffff">
	    <eLabel backgroundColor="#40000000" position="0,0" zPosition="-1" size="1280,720" transparent="0" />
		<widget source="Title" render="Label" transparent="1" zPosition="4" valign="center" position="75,5" size="490,90" font="Saint;60" backgroundColor="#40000000" halign="left" />		
    	<widget source="listview" render="Listbox" zPosition="8" position="35,87" size="580,565" scrollbarMode="showNever" foregroundColor="#00bbbbbb" backgroundColor="#40000000" transparent="1" > 
          <convert type="TemplatedMultiContent">
                {"template": [ MultiContentEntryText(pos = (40,1), size = (580,36), flags = RT_HALIGN_LEFT | RT_VALIGN_CENTER, text = 0),
                MultiContentEntryPixmapAlphaTest(pos = (10,8), size = (24,24), png = 4) ],
                "fonts": [gFont("Saint", 27)],
                "itemHeight": 40,
                "scrollbarMode": "showNever"
                }
          </convert>
        </widget>
    	<widget source="global.CurrentTime" render="Label" position="465,13" size="169,80" font="Saint; 55" halign="left" backgroundColor="#40000000" transparent="1" valign="top">
          <convert type="ClockToText">Default</convert>
        </widget>
        <widget source="global.CurrentTime" render="Label" position="305,52" size="148,29" font="Saint; 18" halign="right" backgroundColor="#40000000" transparent="1">
          <convert type="ClockToText">Format:%e. %B</convert>
        </widget>
        <widget source="global.CurrentTime" render="Label" position="327,26" size="125,30" font="Saint; 18" halign="right" backgroundColor="#40000000" transparent="1">
          <convert type="ClockToText">Format:%A</convert>
        </widget>
        
		<widget name="tag" transparent="1" zPosition="48" halign="left" noWrap="1" position="670,81" size="680,24" font="Saint;18" foregroundColor="#00bbbbbb" backgroundColor="#40000000"/>
		
		<widget name="rated" position="613,642" size="60,55" transparent="1" alphatest="blend" zPosition="49" pixmaps="/usr/lib/enigma2/python/Plugins/Extensions/DreamPlex/skins/Plexi/icons/fsk-12-fs8.png,/usr/lib/enigma2/python/Plugins/Extensions/DreamPlex/skins/Plexi/icons/fsk-6-fs8.png,/usr/lib/enigma2/python/Plugins/Extensions/DreamPlex/skins/Plexi/icons/fsk-16-fs8.png,/usr/lib/enigma2/python/Plugins/Extensions/DreamPlex/skins/Plexi/icons/fsk-18-fs8.png,/usr/lib/enigma2/python/Plugins/Extensions/DreamPlex/skins/Plexi/icons/fsk-0-fs8.png,/usr/lib/enigma2/python/Plugins/Extensions/DreamPlex/skins/Plexi/icons/fsk-not-fs8.png" />
        
        <widget name="sound" position="778,658" size="80,38" transparent="1" alphatest="blend" zPosition="49" pixmaps="/usr/lib/enigma2/python/Plugins/Extensions/DreamPlex/skins/Plexi/icons/audio-dts-fs8.png,/usr/lib/enigma2/python/Plugins/Extensions/DreamPlex/skins/Plexi/icons/audio-ac3-fs8.png,/usr/lib/enigma2/python/Plugins/Extensions/DreamPlex/skins/Plexi/icons/audio-stereo-fs8.png,/usr/lib/enigma2/python/Plugins/Extensions/DreamPlex/skins/Plexi/icons/audio-mp3-fs8.png" />
        
        <widget name="resolution" position="675,658" size="102,38" transparent="1" alphatest="blend" zPosition="49" pixmaps="/usr/lib/enigma2/python/Plugins/Extensions/DreamPlex/skins/Plexi/icons/resolution-1080-fs8.png,/usr/lib/enigma2/python/Plugins/Extensions/DreamPlex/skins/Plexi/icons/resolution-720-fs8.png,/usr/lib/enigma2/python/Plugins/Extensions/DreamPlex/skins/Plexi/icons/resolution-sd-fs8.png" />
        
        <widget name="aspect" position="1064,654" size="64,48" transparent="1" alphatest="blend" zPosition="49" pixmaps="/usr/lib/enigma2/python/Plugins/Extensions/DreamPlex/skins/Plexi/icons/aspect-4_3-fs8.png,/usr/lib/enigma2/python/Plugins/Extensions/DreamPlex/skins/Plexi/icons/aspect-16_9-fs8.png,/usr/lib/enigma2/python/Plugins/Extensions/DreamPlex/skins/Plexi/icons/aspect-2.35-fs8.png" />
        
        <widget name="codec"  position="1137,654" size="100,48" transparent="1" alphatest="blend" zPosition="49" pixmaps="/usr/lib/enigma2/python/Plugins/Extensions/DreamPlex/skins/Plexi/icons/codec-vc1-fs8.png,/usr/lib/enigma2/python/Plugins/Extensions/DreamPlex/skins/Plexi/icons/codec-h.264-fs8.png,/usr/lib/enigma2/python/Plugins/Extensions/DreamPlex/skins/Plexi/icons/codec-mpeg4-fs8.png,/usr/lib/enigma2/python/Plugins/Extensions/DreamPlex/skins/Plexi/icons/codec-mpeg2-fs8.png" />
        
		<ePixmap pixmap="/usr/lib/enigma2/python/Plugins/Extensions/DreamPlex/skins/Plexi/icons/five_stars_back-fs8.png" zPosition="83" position="867,657" size="190,35" alphatest="blend" transparent="1" />		
        <widget name="rating_stars" zPosition="84" position="867,657" size="190,35" transparent="1" orientation="orHorizontal" pixmap="/usr/lib/enigma2/python/Plugins/Extensions/DreamPlex/skins/Plexi/icons/five_stars_bright2-fs8.png" />
		
		<widget name="shortDescription" text="" transparent="1" zPosition="14" halign="block" position="615,425" size="650,227" font="Saint; 23" foregroundColor="#ffffff" backgroundColor="#40000000" />
				
		<widget name="current" transparent="1" zPosition="5" halign="left" valign="center" position="420,648" size="190,50" font="Regular;24" backgroundColor="#40000000" />
		<widget name="total" transparent="1" zPosition="4" valign="center" halign="left" position="45,648" size="190,50" font="Regular;24" backgroundColor="#40000000" />		
		
		<widget name="title" transparent="1" zPosition="5" halign="left" position="620,21" size="650,46" font="Saint;30" foregroundColor="#FF8C00"  backgroundColor="#40000000" />
							
		<widget name="genreLabel" transparent="1" zPosition="4" halign="left" position="920,60" size="120,30" font="Regular; 22" backgroundColor="#40000000"/>
		<widget name="runtimeLabel" transparent="1" zPosition="4" halign="left" position="620,60" size="160,30" font="Regular; 22"  backgroundColor="#40000000"/>
		<widget name="yearLabel" transparent="1" zPosition="4" halign="left" position="805,60" size="160,30" font="Regular; 22"  backgroundColor="#40000000"/>
        <widget name="subtitlesLabel" transparent="1" zPosition="-99" halign="left" position="805,60" size="160,30" font="Regular; 22"  backgroundColor="#40000000"/>

        <widget name="genre" transparent="1" zPosition="4" halign="left" valign="top"  position="994,60" size="250,30" font="Regular; 22" foregroundColor="#FF8C00" backgroundColor="#40000000"/>
		<widget name="runtime" transparent="1" zPosition="4" halign="left" valign="top" position="718,60" size="160,30" font="Regular; 22" foregroundColor="#FF8C00" backgroundColor="#40000000"/>
		<widget name="year" transparent="1" zPosition="4" halign="left" valign="top" position="860,60" size="160,30" font="Regular; 22" foregroundColor="#FF8C00" backgroundColor="#40000000"/>
		<eLabel backgroundColor="#40000000"	position="670,652" zPosition="46" size="560,40"  transparent="0" />			
		
		<widget name="poster" transparent="1" zPosition="-49" position="687,379" size="195,268" alphatest="blend" />
        <widget name="postertext" transparent="1" zPosition="-88" halign="left" position="716,502" size="200,40" font="Regular;22" foregroundColor="#ffffff" backgroundColor="#000000"/>
		<widget name="subtitles" transparent="1" zPosition="-90" halign="left"  position="687,379" size="200,25" font="Saint; 22" backgroundColor="#40000000"/>
		
		<widget name="backdrop" transparent="0" zPosition="45" position="620,90" size="600,337" alphatest="blend" />
		<widget name="backdroptext" transparent="1" zPosition="4" halign="left" position="700,500" size="200,40" font="Regular;22" foregroundColor="#ffffff" backgroundColor="#40000000"/>
		
		<widget name="functionsContainer" transparent="0" zPosition="46" position="670,377" size="560,315" backgroundColor="#40000000" />
		<widget name="number_key_popup" zPosition="51" halign="left" valign="center" position="436,520" size="75,80" font="Saint;70" foregroundColor="#FF8C00" backgroundColor="#40000000" />
		
		<widget name="txt_red" transparent="1" zPosition="50" halign="left" valign="top" position="850,394" size="400,32" font="Saint; 20" foregroundColor="#00bbbbbb"  backgroundColor="#40000000"/>
		<widget name="btn_red" transparent="0" zPosition="50" position="785,390" size="32,32"/>
		
		<widget name="txt_blue" transparent="1" zPosition="50" halign="left" valign="top" position="850,434" size="400,32" font="Saint; 20" foregroundColor="#00bbbbbb"  backgroundColor="#40000000"/>
		<widget name="btn_blue" transparent="0" zPosition="50" position="785,430" size="32,32"/>
		
		<widget name="txt_yellow" transparent="1" zPosition="50" halign="left" valign="top" position="850,474" size="400,32" font="Saint; 20" foregroundColor="#00bbbbbb"  backgroundColor="#40000000"/>
		<widget name="btn_yellow" transparent="0" zPosition="50" position="785,470" size="32,32"/>
		
		<widget name="txt_filter" transparent="1" zPosition="50" halign="left" valign="top" position="850,514" size="400,32" font="Saint; 20" foregroundColor="#00bbbbbb"  backgroundColor="#40000000"/>
		
		<widget name="btn_zero" alphatest="blend" zPosition="50" position="772,517" size="35,25" backgroundColor="#40000000"/>
		<widget name="btn_nine" alphatest="blend" zPosition="50" position="805,517" size="35,25" backgroundColor="#40000000"/>
		
		<widget name="txt_menu" transparent="1" zPosition="50" halign="left" valign="top" position="850,554" size="300,25" font="Saint; 20" foregroundColor="#00bbbbbb"  backgroundColor="#40000000"/>
        <widget name="btn_menu" alphatest="blend" zPosition="50" position="775,557" size="70,30" backgroundColor="#40000000"/>
		
		<widget name="txt_pvr" transparent="1" zPosition="50" halign="left" valign="top" position="850,594" size="300,25" font="Saint; 20" foregroundColor="#00bbbbbb"  backgroundColor="#40000000"/>
        <widget name="btn_pvr" alphatest="blend" zPosition="50" position="775,597" size="70,30" backgroundColor="#40000000"/>
    </screen>
<!-- DPS_ViewMini -->
<screen name="DPS_ViewMini" position="0,0" size="1280,720" title=" " flags="wfNoBorder" backgroundColor="#ffffffff">
		<ePixmap pixmap="/usr/lib/enigma2/python/Plugins/Extensions/DreamPlex/skins/Plexi/1280x720/images/background-mini.png" position="128,195" zPosition="-2" size="1024,500" alphatest="blend" transparent="0"/>
		<widget source="listview" render="Listbox" zPosition="8" position="135,250" size="472,405" scrollbarMode="showOnDemand" foregroundColor="#00bbbbbb" backgroundColor="#60000000"  transparent="1" > 
          <convert type="TemplatedMultiContent">
                {"template": [ MultiContentEntryText(pos = (40,2), size = (472,36), flags = RT_HALIGN_LEFT | RT_VALIGN_CENTER, text = 0),
                MultiContentEntryPixmapAlphaTest(pos = (10,9), size = (24,24), png = 4) ],
                "fonts": [gFont("Regular", 22)],
                "itemHeight": 40,
                "scrollbarMode": "showNever"
                }
          </convert>
        </widget>        
		<widget source="global.CurrentTime" render="Label" position="1031,197" size="169,80" zPosition="10" font="Regular; 35" halign="left" backgroundColor="#60000000" transparent="1" valign="top">
           <convert type="ClockToText">Default</convert>
         </widget>
         <widget source="global.CurrentTime" render="Label" position="871,220" size="148,29" zPosition="10" font="Regular; 15" halign="right" backgroundColor="#60000000" transparent="1">
           <convert type="ClockToText">Format:%e. %B</convert>
         </widget>
         <widget source="global.CurrentTime" render="Label" position="894,201" size="125,30" zPosition="10" font="Regular; 15" halign="right" backgroundColor="#60000000" transparent="1">
          <convert type="ClockToText">Format:%A</convert>
        </widget>        
		<widget source="Title" render="Label" transparent="1" zPosition="4" valign="center" position="320,178" size="490,90" font="Regular;35" backgroundColor="#60000000" halign="left" />	
		<widget name="title" transparent="1" zPosition="5" halign="left" position="626,245" size="490,35" font="Regular;22" foregroundColor="#FF8C00" backgroundColor="#60000000" />
       	<widget name="shortDescription" text="" transparent="1" zPosition="14" halign="block" position="625,466" size="515,220" font="Regular; 20" backgroundColor="#60000000" />
		<ePixmap pixmap="/usr/lib/enigma2/python/Plugins/Extensions/DreamPlex/skins/Plexi/icons/mini/five_stars_back-fs8.png" zPosition="83" position="626,216" size="157,29" alphatest="blend" transparent="1" />                              
        <widget name="rating_stars" zPosition="84" position="626,216" size="157,29" transparent="1" orientation="orHorizontal" pixmap="/usr/lib/enigma2/python/Plugins/Extensions/DreamPlex/skins/Plexi/icons/mini/five_stars_bright2-fs8.png" />
        <widget name="resolution" position="620,309" size="102,38" transparent="1" alphatest="blend" zPosition="49" pixmaps="/usr/lib/enigma2/python/Plugins/Extensions/DreamPlex/skins/Plexi/icons/mini/resolution-1080-fs8.png,/usr/lib/enigma2/python/Plugins/Extensions/DreamPlex/skins/Plexi/icons/mini/resolution-720-fs8.png,/usr/lib/enigma2/python/Plugins/Extensions/DreamPlex/skins/Plexi/icons/mini/resolution-sd-fs8.png" />
        <widget name="sound" position="1040,309" size="80,38" transparent="1" alphatest="blend" zPosition="49" pixmaps="/usr/lib/enigma2/python/Plugins/Extensions/DreamPlex/skins/Plexi/icons/mini/audio-dts-fs8.png,/usr/lib/enigma2/python/Plugins/Extensions/DreamPlex/skins/Plexi/icons/mini/audio-ac3-fs8.png,/usr/lib/enigma2/python/Plugins/Extensions/DreamPlex/skins/Plexi/icons/mini/audio-stereo-fs8.png,/usr/lib/enigma2/python/Plugins/Extensions/DreamPlex/skins/Plexi/icons/mini/audio-mp3-fs8.png" />
		<widget name="aspect" position="1050,361" size="64,48" transparent="1" alphatest="blend" zPosition="49" pixmaps="/usr/lib/enigma2/python/Plugins/Extensions/DreamPlex/skins/Plexi/icons/mini/aspect-4_3-fs8.png,/usr/lib/enigma2/python/Plugins/Extensions/DreamPlex/skins/Plexi/icons/mini/aspect-16_9-fs8.png,/usr/lib/enigma2/python/Plugins/Extensions/DreamPlex/skins/Plexi/icons/mini/aspect-2.35-fs8.png" />
		<widget name="codec"  position="1035,416" size="100,48" transparent="1" alphatest="blend" zPosition="49" pixmaps="/usr/lib/enigma2/python/Plugins/Extensions/DreamPlex/skins/Plexi/icons/mini/codec-vc1-fs8.png,/usr/lib/enigma2/python/Plugins/Extensions/DreamPlex/skins/Plexi/icons/mini/codec-h.264-fs8.png,/usr/lib/enigma2/python/Plugins/Extensions/DreamPlex/skins/Plexi/icons/mini/codec-mpeg4-fs8.png,/usr/lib/enigma2/python/Plugins/Extensions/DreamPlex/skins/Plexi/icons/mini/codec-mpeg2-fs8.png" />
		<widget name="rated" position="640,395" size="60,55" transparent="1" alphatest="blend" zPosition="49" pixmaps="/usr/lib/enigma2/python/Plugins/Extensions/DreamPlex/skins/Plexi/icons/mini/fsk-12-fs8.png,/usr/lib/enigma2/python/Plugins/Extensions/DreamPlex/skins/Plexi/icons/mini/fsk-6-fs8.png,/usr/lib/enigma2/python/Plugins/Extensions/DreamPlex/skins/Plexi/icons/mini/fsk-16-fs8.png,/usr/lib/enigma2/python/Plugins/Extensions/DreamPlex/skins/Plexi/icons/mini/fsk-18-fs8.png,/usr/lib/enigma2/python/Plugins/Extensions/DreamPlex/skins/Plexi/icons/mini/fsk-0-fs8.png,/usr/lib/enigma2/python/Plugins/Extensions/DreamPlex/skins/Plexi/icons/mini/fsk-not-fs8.png" />
		<widget name="current" transparent="1" zPosition="5" halign="left" valign="center" position="440,647" size="190,50" font="Regular;20" backgroundColor="#60000000" />
		<widget name="total" transparent="1" zPosition="4" valign="center" halign="left" position="175,647" size="190,50" font="Regular;20" backgroundColor="#60000000" />	
        <widget name="genreLabel" transparent="1" zPosition="4" halign="right" valign="center" position="822,272" size="120,38" font="Regular; 19" backgroundColor="#60000000"/>
        <widget name="genre" transparent="1" zPosition="4" halign="left" valign="center" position="947,277" size="200,28" font="Regular; 19" foregroundColor="#FF8C00" backgroundColor="#60000000"/>
		<widget name="runtimeLabel" transparent="1" zPosition="4" halign="right" valign="center" position="687,272" size="120,38" font="Regular; 19" backgroundColor="#60000000"/>
        <widget name="runtime" transparent="1" zPosition="4" halign="left" valign="center" position="809,272" size="160,38" font="Regular; 19" foregroundColor="#FF8C00" backgroundColor="#60000000"/>
		<widget name="yearLabel" transparent="1" zPosition="4" halign="right" valign="center" position="550,272" size="120,38" font="Regular; 19" backgroundColor="#60000000"/>
        <widget name="year" transparent="1" zPosition="4" halign="left" valign="center" position="672,272" size="160,38" font="Regular; 19" foregroundColor="#FF8C00" backgroundColor="#60000000"/>
       	<widget name="backdrop" transparent="0" zPosition="43" position="694,307" size="345,160" alphatest="blend" />
        <widget name="backdroptext" transparent="1" zPosition="4" halign="left" position="700,500" size="200,40" font="Regular;22" foregroundColor="#ffffff" backgroundColor="#000000"/>
        <widget name="functionsContainer" transparent="0" zPosition="51" position="735,310" size="560,258" backgroundColor="#000000" />
		<widget name="number_key_popup" zPosition="52" halign="left" valign="center" position="436,520" size="75,80" font="Regular;70" foregroundColor="#FF8C00" backgroundColor="#60000000" />
		<widget name="txt_red" transparent="1" zPosition="53" halign="left" valign="top" position="850,334" size="400,32" font="Regular; 20" foregroundColor="#00bbbbbb"  backgroundColor="#20000000"/>
		<widget name="btn_red" transparent="0" zPosition="53" position="785,330" size="32,32"/>
		<widget name="txt_blue" transparent="1" zPosition="53" halign="left" valign="top" position="850,374" size="400,32" font="Regular; 20" foregroundColor="#00bbbbbb"  backgroundColor="#20000000"/>
		<widget name="btn_blue" transparent="0" zPosition="53" position="785,370" size="32,32"/>
		<widget name="txt_yellow" transparent="1" zPosition="53" halign="left" valign="top" position="850,414" size="400,32" font="Regular; 20" foregroundColor="#00bbbbbb"  backgroundColor="#20000000"/>
		<widget name="btn_yellow" transparent="0" zPosition="53" position="785,410" size="32,32"/>
		<widget name="txt_filter" transparent="1" zPosition="53" halign="left" valign="top" position="850,454" size="400,32" font="Regular; 20" foregroundColor="#00bbbbbb"  backgroundColor="#20000000"/>
		<widget name="btn_zero" alphatest="blend" zPosition="53" position="772,457" size="35,25" backgroundColor="#20000000"/>
		<widget name="btn_nine" alphatest="blend" zPosition="53" position="805,457" size="35,25" backgroundColor="#20000000"/>
		<widget name="txt_menu" transparent="1" zPosition="53" halign="left" valign="top" position="850,494" size="300,25" font="Regular; 20" foregroundColor="#00bbbbbb"  backgroundColor="#20000000"/>
        <widget name="btn_menu" alphatest="blend" zPosition="53" position="775,497" size="70,30" backgroundColor="#20000000"/>
		<widget name="txt_pvr" transparent="1" zPosition="53" halign="left" valign="top" position="850,534" size="300,25" font="Regular; 20" foregroundColor="#00bbbbbb"  backgroundColor="#20000000"/>
        <widget name="btn_pvr" alphatest="blend" zPosition="53" position="775,537" size="70,30" backgroundColor="#20000000"/>
</screen>   
<!-- DPS_ViewListLong -->
<screen name="DPS_ViewListLong" position="0,0" size="1280,720" title=" " flags="wfNoBorder" backgroundColor="#ffffffff">
		<ePixmap pixmap="/usr/lib/enigma2/python/Plugins/Extensions/DreamPlex/skins/Plexi/1280x720/images/backlist.png" position="0,0" zPosition="-2" size="1280,720" alphatest="blend" transparent="0"/>
		<ePixmap pixmap="/usr/lib/enigma2/python/Plugins/Extensions/DreamPlex/skins/Plexi/1280x720/images/back.png" position="0,85" zPosition="-1" size="1280,635" transparent="1" alphatest="blend" />
        <widget source="listview" render="Listbox" zPosition="8" position="35,200" size="472,445" scrollbarMode="showOnDemand" backgroundColor="#40000000"  transparent="1" > 
          <convert type="TemplatedMultiContent">
                {"template": [ MultiContentEntryText(pos = (40,1), size = (472,36), flags = RT_HALIGN_LEFT | RT_VALIGN_CENTER, text = 0),
                MultiContentEntryPixmapAlphaTest(pos = (10,9), size = (24,24), png = 4) ],
                "fonts": [gFont("Saint", 27)],
                "itemHeight": 40,
                "scrollbarMode": "showNever"
                }
          </convert>
        </widget>        
		<widget source="global.CurrentTime" render="Label" position="1086,82" size="169,80" zPosition="10" font="Saint; 60" halign="left" backgroundColor="#40000000" transparent="1" valign="top">
          <convert type="ClockToText">Default</convert>
        </widget>
        <widget source="global.CurrentTime" render="Label" position="926,128" size="148,29" zPosition="10" font="Regular; 18" halign="right" backgroundColor="#40000000" transparent="1">
          <convert type="ClockToText">Format:%e. %B</convert>
        </widget>
        <widget source="global.CurrentTime" render="Label" position="949,97" size="125,30" zPosition="10" font="Regular; 18" halign="right" backgroundColor="#40000000" transparent="1">
          <convert type="ClockToText">Format:%A</convert>
        </widget>
		<widget name="title" transparent="1" zPosition="5" halign="left" position="515,190" size="740,42" font="Saint;32" foregroundColor="#FF8C00" backgroundColor="#40000000" />
		<widget name="grandparentTitle" transparent="1" zPosition="5" halign="left" position="150,105" size="590,80" font="Saint;40" backgroundColor="#40000000" />
        <widget name="shortDescription" text="" transparent="1" zPosition="14" halign="block" position="735,273" size="524,325" font="Saint; 24" backgroundColor="#40000000" />
		<ePixmap pixmap="/usr/lib/enigma2/python/Plugins/Extensions/DreamPlex/skins/Plexi/icons/five_stars_back-fs8.png" zPosition="83" position="525,593" size="190,35" alphatest="blend" transparent="1" />                              
        <widget name="rating_stars" zPosition="84" position="525,593" size="180,35" transparent="1" orientation="orHorizontal" pixmap="/usr/lib/enigma2/python/Plugins/Extensions/DreamPlex/skins/Plexi/icons/five_stars_bright2-fs8.png" />
        <widget name="resolution" position="730,648" size="102,38" transparent="1" alphatest="blend" zPosition="49" pixmaps="/usr/lib/enigma2/python/Plugins/Extensions/DreamPlex/skins/Plexi/icons/resolution-1080-fs8.png,/usr/lib/enigma2/python/Plugins/Extensions/DreamPlex/skins/Plexi/icons/resolution-720-fs8.png,/usr/lib/enigma2/python/Plugins/Extensions/DreamPlex/skins/Plexi/icons/resolution-sd-fs8.png" />
        <widget name="sound" position="885,650" size="80,38" transparent="1" alphatest="blend" zPosition="49" pixmaps="/usr/lib/enigma2/python/Plugins/Extensions/DreamPlex/skins/Plexi/icons/audio-dts-fs8.png,/usr/lib/enigma2/python/Plugins/Extensions/DreamPlex/skins/Plexi/icons/audio-ac3-fs8.png,/usr/lib/enigma2/python/Plugins/Extensions/DreamPlex/skins/Plexi/icons/audio-stereo-fs8.png,/usr/lib/enigma2/python/Plugins/Extensions/DreamPlex/skins/Plexi/icons/audio-mp3-fs8.png" />
		<widget name="aspect" position="1010,648" size="64,48" transparent="1" alphatest="blend" zPosition="49" pixmaps="/usr/lib/enigma2/python/Plugins/Extensions/DreamPlex/skins/Plexi/icons/aspect-4_3-fs8.png,/usr/lib/enigma2/python/Plugins/Extensions/DreamPlex/skins/Plexi/icons/aspect-16_9-fs8.png,/usr/lib/enigma2/python/Plugins/Extensions/DreamPlex/skins/Plexi/icons/aspect-2.35-fs8.png" />
		<widget name="codec"  position="1130,648" size="100,48" transparent="1" alphatest="blend" zPosition="49" pixmaps="/usr/lib/enigma2/python/Plugins/Extensions/DreamPlex/skins/Plexi/icons/codec-vc1-fs8.png,/usr/lib/enigma2/python/Plugins/Extensions/DreamPlex/skins/Plexi/icons/codec-h.264-fs8.png,/usr/lib/enigma2/python/Plugins/Extensions/DreamPlex/skins/Plexi/icons/codec-mpeg4-fs8.png,/usr/lib/enigma2/python/Plugins/Extensions/DreamPlex/skins/Plexi/icons/codec-mpeg2-fs8.png" />
		
		<widget name="rated" position="592,639" size="60,55" transparent="1" alphatest="blend" zPosition="49" pixmaps="/usr/lib/enigma2/python/Plugins/Extensions/DreamPlex/skins/Plexi/icons/fsk-12-fs8.png,/usr/lib/enigma2/python/Plugins/Extensions/DreamPlex/skins/Plexi/icons/fsk-6-fs8.png,/usr/lib/enigma2/python/Plugins/Extensions/DreamPlex/skins/Plexi/icons/fsk-16-fs8.png,/usr/lib/enigma2/python/Plugins/Extensions/DreamPlex/skins/Plexi/icons/fsk-18-fs8.png,/usr/lib/enigma2/python/Plugins/Extensions/DreamPlex/skins/Plexi/icons/fsk-0-fs8.png,/usr/lib/enigma2/python/Plugins/Extensions/DreamPlex/skins/Plexi/icons/fsk-not-fs8.png" />
				
		<widget name="current" transparent="1" zPosition="5" halign="left" valign="center" position="350,651" size="190,50" font="Regular;24" backgroundColor="#40000000" />
		<widget name="total" transparent="1" zPosition="4" valign="center" halign="left" position="45,651" size="190,50" font="Regular;24" backgroundColor="#40000000" />	
                   
        <widget name="genreLabel" transparent="1" zPosition="4" halign="right" valign="center" position="772,235" size="120,38" font="Regular; 22" backgroundColor="#40000000"/>
        <widget name="genre" transparent="1" zPosition="4" halign="left" valign="center"  position="897,235" size="320,38" font="Regular; 22" foregroundColor="#FF8C00" backgroundColor="#40000000"/>
		<widget name="runtimeLabel" transparent="1" zPosition="4" halign="right" valign="center" position="613,235" size="120,38" font="Regular; 22" backgroundColor="#40000000"/>
        <widget name="runtime" transparent="1" zPosition="4" halign="left" valign="center" position="735,235" size="160,38" font="Regular; 22" foregroundColor="#FF8C00" backgroundColor="#40000000"/>
		<widget name="yearLabel" transparent="1" zPosition="4" halign="right" valign="center" position="450,235" size="120,38" font="Regular; 22" backgroundColor="#40000000"/>
        <widget name="year" transparent="1" zPosition="4" halign="left" valign="center" position="575,235" size="160,38" font="Regular; 22" foregroundColor="#FF8C00" backgroundColor="#40000000"/>
        		       
		<widget name="poster" transparent="1" zPosition="89" position="510,284" size="220,303" alphatest="blend" />
        <widget name="postertext" transparent="1" zPosition="4" halign="left" position="150,500" size="200,40" font="Regular;22" backgroundColor="#000000"/>
        
        <widget name="backdrop" transparent="0" zPosition="-2" position="0,0" size="1280,720" alphatest="blend" />
        <widget name="backdroptext" transparent="1" zPosition="4" halign="left" position="700,500" size="200,40" font="Regular;22" foregroundColor="#ffffff" backgroundColor="#000000"/>
        
        <widget name="functionsContainer" transparent="0" zPosition="51" position="735,310" size="560,258" backgroundColor="#000000" />
		<widget name="number_key_popup" zPosition="52" halign="left" valign="center" position="436,520" size="75,80" font="Saint;70" foregroundColor="#FF8C00" backgroundColor="#40000000" />
		
		<widget name="txt_red" transparent="1" zPosition="53" halign="left" valign="top" position="850,334" size="400,32" font="Saint; 20" foregroundColor="#00bbbbbb"  backgroundColor="#20000000"/>
		<widget name="btn_red" transparent="0" zPosition="53" position="785,330" size="32,32"/>
		
		<widget name="txt_blue" transparent="1" zPosition="53" halign="left" valign="top" position="850,374" size="400,32" font="Saint; 20" foregroundColor="#00bbbbbb"  backgroundColor="#20000000"/>
		<widget name="btn_blue" transparent="0" zPosition="53" position="785,370" size="32,32"/>
		
		<widget name="txt_yellow" transparent="1" zPosition="53" halign="left" valign="top" position="850,414" size="400,32" font="Saint; 20" foregroundColor="#00bbbbbb"  backgroundColor="#20000000"/>
		<widget name="btn_yellow" transparent="0" zPosition="53" position="785,410" size="32,32"/>
		
		<widget name="txt_filter" transparent="1" zPosition="53" halign="left" valign="top" position="850,454" size="400,32" font="Saint; 20" foregroundColor="#00bbbbbb"  backgroundColor="#20000000"/>
		
		<widget name="btn_zero" alphatest="blend" zPosition="53" position="772,457" size="35,25" backgroundColor="#20000000"/>
		<widget name="btn_nine" alphatest="blend" zPosition="53" position="805,457" size="35,25" backgroundColor="#20000000"/>
		
		<widget name="txt_menu" transparent="1" zPosition="53" halign="left" valign="top" position="850,494" size="300,25" font="Saint; 20" foregroundColor="#00bbbbbb"  backgroundColor="#20000000"/>
        <widget name="btn_menu" alphatest="blend" zPosition="53" position="775,497" size="70,30" backgroundColor="#20000000"/>
		
		<widget name="txt_pvr" transparent="1" zPosition="53" halign="left" valign="top" position="850,534" size="300,25" font="Saint; 20" foregroundColor="#00bbbbbb"  backgroundColor="#20000000"/>
        <widget name="btn_pvr" alphatest="blend" zPosition="53" position="775,537" size="70,30" backgroundColor="#20000000"/>
    </screen>           

	<!-- DPS_ViewBackdrop -->
    <screen name="DPS_ViewBackdrop" position="0,0" size="1280,720" title=" " flags="wfNoBorder" backgroundColor="#ffffffff">
        <ePixmap pixmap="/usr/lib/enigma2/python/Plugins/Extensions/DreamPlex/skins/Plexi/1280x720/images/back.png" position="0,85" zPosition="-1" size="1280,635" transparent="1" alphatest="blend" />
        <ePixmap pixmap="/usr/lib/enigma2/python/Plugins/Extensions/DreamPlex/skins/Plexi/1280x720/images/cover-fs8.png" zPosition="50" position="495,285" size="242,290" alphatest="blend" transparent="0" />
        <widget source="listview" render="Listbox" zPosition="8" position="35,147" size="472,523" scrollbarMode="showOnDemand" foregroundColor="#00bbbbbb" backgroundColor="#40000000"  transparent="1" > 
          <convert type="TemplatedMultiContent">
                {"template": [ MultiContentEntryText(pos = (40,1), size = (472,36), flags = RT_HALIGN_LEFT | RT_VALIGN_CENTER, text = 0),
                MultiContentEntryPixmapAlphaTest(pos = (10,6), size = (24,24), png = 4) ],
                "fonts": [gFont("Saint", 27)],
                "itemHeight": 40,
                "scrollbarMode": "showNever"
                }
          </convert>
        </widget>        
		<widget source="Title" render="Label" transparent="1" zPosition="4" valign="center" position="75,65" size="490,90" font="Saint;50" backgroundColor="#40000000" halign="left" />
        <widget source="global.CurrentTime" render="Label" position="1086,76" size="169,80" zPosition="10" font="Saint; 60" halign="left" backgroundColor="#40000000" transparent="1" valign="top">
          <convert type="ClockToText">Default</convert>
        </widget>
        <widget source="global.CurrentTime" render="Label" position="926,122" size="148,29" zPosition="10" font="Regular; 18" halign="right" backgroundColor="#40000000" transparent="1">
          <convert type="ClockToText">Format:%e. %B</convert>
        </widget>
        <widget source="global.CurrentTime" render="Label" position="949,91" size="125,30" zPosition="10" font="Regular; 18" halign="right" backgroundColor="#40000000" transparent="1">
          <convert type="ClockToText">Format:%A</convert>
        </widget>
		<widget name="title" transparent="1" zPosition="5" halign="left" position="519,147" size="760,42" font="Saint;30" foregroundColor="#FF8C00"  backgroundColor="#40000000" />
		<widget name="shortDescription" text="" transparent="1" zPosition="14" halign="block" position="739,240" size="524,390" font="Saint; 24" backgroundColor="#40000000" />
		<ePixmap pixmap="/usr/lib/enigma2/python/Plugins/Extensions/DreamPlex/skins/Plexi/icons/five_stars_back-fs8.png" zPosition="83" position="520,245" size="190,35" alphatest="blend" transparent="1" />                              
        <widget name="rating_stars" zPosition="84" position="520,245" size="180,35" transparent="1" orientation="orHorizontal" pixmap="/usr/lib/enigma2/python/Plugins/Extensions/DreamPlex/skins/Plexi/icons/five_stars_bright2-fs8.png" />
        <widget name="resolution" position="730,640" size="102,38" transparent="1" alphatest="blend" zPosition="49" pixmaps="/usr/lib/enigma2/python/Plugins/Extensions/DreamPlex/skins/Plexi/icons/resolution-1080-fs8.png,/usr/lib/enigma2/python/Plugins/Extensions/DreamPlex/skins/Plexi/icons/resolution-720-fs8.png,/usr/lib/enigma2/python/Plugins/Extensions/DreamPlex/skins/Plexi/icons/resolution-sd-fs8.png" />
        <widget name="sound" position="885,642" size="80,38" transparent="1" alphatest="blend" zPosition="49" pixmaps="/usr/lib/enigma2/python/Plugins/Extensions/DreamPlex/skins/Plexi/icons/audio-dts-fs8.png,/usr/lib/enigma2/python/Plugins/Extensions/DreamPlex/skins/Plexi/icons/audio-ac3-fs8.png,/usr/lib/enigma2/python/Plugins/Extensions/DreamPlex/skins/Plexi/icons/audio-stereo-fs8.png,/usr/lib/enigma2/python/Plugins/Extensions/DreamPlex/skins/Plexi/icons/audio-mp3-fs8.png" />
		<widget name="aspect" position="1010,640" size="64,48" transparent="1" alphatest="blend" zPosition="49" pixmaps="/usr/lib/enigma2/python/Plugins/Extensions/DreamPlex/skins/Plexi/icons/aspect-4_3-fs8.png,/usr/lib/enigma2/python/Plugins/Extensions/DreamPlex/skins/Plexi/icons/aspect-16_9-fs8.png,/usr/lib/enigma2/python/Plugins/Extensions/DreamPlex/skins/Plexi/icons/aspect-2.35-fs8.png" />
		<widget name="codec"  position="1130,640" size="100,48" transparent="1" alphatest="blend" zPosition="49" pixmaps="/usr/lib/enigma2/python/Plugins/Extensions/DreamPlex/skins/Plexi/icons/codec-vc1-fs8.png,/usr/lib/enigma2/python/Plugins/Extensions/DreamPlex/skins/Plexi/icons/codec-h.264-fs8.png,/usr/lib/enigma2/python/Plugins/Extensions/DreamPlex/skins/Plexi/icons/codec-mpeg4-fs8.png,/usr/lib/enigma2/python/Plugins/Extensions/DreamPlex/skins/Plexi/icons/codec-mpeg2-fs8.png" />
		
		<widget name="rated" position="587,630" size="60,55" transparent="1" alphatest="blend" zPosition="49" pixmaps="/usr/lib/enigma2/python/Plugins/Extensions/DreamPlex/skins/Plexi/icons/fsk-12-fs8.png,/usr/lib/enigma2/python/Plugins/Extensions/DreamPlex/skins/Plexi/icons/fsk-6-fs8.png,/usr/lib/enigma2/python/Plugins/Extensions/DreamPlex/skins/Plexi/icons/fsk-16-fs8.png,/usr/lib/enigma2/python/Plugins/Extensions/DreamPlex/skins/Plexi/icons/fsk-18-fs8.png,/usr/lib/enigma2/python/Plugins/Extensions/DreamPlex/skins/Plexi/icons/fsk-0-fs8.png,/usr/lib/enigma2/python/Plugins/Extensions/DreamPlex/skins/Plexi/icons/fsk-not-fs8.png" />
				
		<widget name="current" transparent="1" zPosition="5" halign="left" valign="center" position="350,657" size="190,50" font="Regular;22" backgroundColor="#40000000" />
		<widget name="total" transparent="1" zPosition="4" valign="center" halign="left" position="45,657" size="190,50" font="Regular;22" backgroundColor="#40000000" />	
        
		<widget name="tag" transparent="1" zPosition="48" halign="center" valign="top" position="506,569" size="222,53" font="Saint;19" backgroundColor="#40000000"/>          
        
		<widget name="genreLabel" transparent="1" zPosition="4" halign="right" valign="center" position="792,195" size="120,38" font="Regular; 22" backgroundColor="#40000000"/>
        <widget name="genre" transparent="1" zPosition="4" halign="left" valign="center"  position="917,195" size="290,38" font="Regular; 22" foregroundColor="#FF8C00" backgroundColor="#40000000"/>
		<widget name="runtimeLabel" transparent="1" zPosition="4" halign="right" valign="center" position="495,195" size="120,38" font="Regular; 22" backgroundColor="#40000000"/>
        <widget name="runtime" transparent="1" zPosition="4" halign="left" valign="center" position="617,195" size="160,38" font="Regular; 22" foregroundColor="#FF8C00" backgroundColor="#40000000"/>
		<widget name="yearLabel" transparent="1" zPosition="4" halign="right" valign="center" position="645,195" size="120,38" font="Regular; 22" backgroundColor="#40000000"/>
        <widget name="year" transparent="1" zPosition="4" halign="left" valign="center" position="770,195" size="160,38" font="Regular; 22" foregroundColor="#FF8C00" backgroundColor="#40000000"/>
        		       
		<widget name="poster" transparent="1" zPosition="49" position="528,295" size="195,268" alphatest="blend" />
        <widget name="postertext" transparent="1" zPosition="4" halign="left" position="150,500" size="200,40" font="Regular;22" backgroundColor="#000000"/>
        
        <widget name="backdrop" transparent="0" zPosition="-2" position="0,0" size="1280,720" alphatest="blend" />
        <widget name="backdropVideo" transparent="0" zPosition="-3" position="0,0" size="1280,720"/>
		<widget name="backdroptext" transparent="1" zPosition="4" halign="left" position="700,500" size="200,40" font="Regular;22" foregroundColor="#ffffff" backgroundColor="#000000"/>
        
        <widget name="functionsContainer" transparent="0" zPosition="51" position="735,310" size="560,258" backgroundColor="#000000" />
		<widget name="number_key_popup" zPosition="52" halign="left" valign="center" position="436,520" size="75,80" font="Saint;70" foregroundColor="#FF8C00" backgroundColor="#40000000" />
		
		<widget name="txt_red" transparent="1" zPosition="53" halign="left" valign="top" position="850,334" size="400,32" font="Saint; 20" foregroundColor="#00bbbbbb"  backgroundColor="#20000000"/>
		<widget name="btn_red" transparent="0" zPosition="53" position="785,330" size="32,32"/>
		
		<widget name="txt_blue" transparent="1" zPosition="53" halign="left" valign="top" position="850,374" size="400,32" font="Saint; 20" foregroundColor="#00bbbbbb"  backgroundColor="#20000000"/>
		<widget name="btn_blue" transparent="0" zPosition="53" position="785,370" size="32,32"/>
		
		<widget name="txt_yellow" transparent="1" zPosition="53" halign="left" valign="top" position="850,414" size="400,32" font="Saint; 20" foregroundColor="#00bbbbbb"  backgroundColor="#20000000"/>
		<widget name="btn_yellow" transparent="0" zPosition="53" position="785,410" size="32,32"/>
		
		<widget name="txt_filter" transparent="1" zPosition="53" halign="left" valign="top" position="850,454" size="400,32" font="Saint; 20" foregroundColor="#00bbbbbb"  backgroundColor="#20000000"/>
		
		<widget name="btn_zero" alphatest="blend" zPosition="53" position="772,457" size="35,25" backgroundColor="#20000000"/>
		<widget name="btn_nine" alphatest="blend" zPosition="53" position="805,457" size="35,25" backgroundColor="#20000000"/>
		
		<widget name="txt_menu" transparent="1" zPosition="53" halign="left" valign="top" position="850,494" size="300,25" font="Saint; 20" foregroundColor="#00bbbbbb"  backgroundColor="#20000000"/>
        <widget name="btn_menu" alphatest="blend" zPosition="53" position="775,497" size="70,30" backgroundColor="#20000000"/>
		
		<widget name="txt_pvr" transparent="1" zPosition="53" halign="left" valign="top" position="850,534" size="300,25" font="Saint; 20" foregroundColor="#00bbbbbb"  backgroundColor="#20000000"/>
        <widget name="btn_pvr" alphatest="blend" zPosition="53" position="775,537" size="70,30" backgroundColor="#20000000"/>
    </screen>         
        
  <!-- DPS_PlexPlayer -->
    <screen name="DPS_PlexPlayer"  position="0,0" size="1283,723" title="InfoBar" flags="wfNoBorder" backgroundColor="#ffffffff">
         <eLabel position="0,570" zPosition="-2" size="1281,150" backgroundColor="#40000000"  transparent="0" />
		 <eLabel position="0,0" zPosition="-2" size="1283,100" backgroundColor="#40000000"  transparent="0" />
		 <widget source="global.CurrentTime" render="Label" position="1081,20" size="169,70" font="Saint; 60" halign="left" backgroundColor="#40000000" zPosition="4" transparent="1" valign="top">
           <convert type="ClockToText">Default</convert>
         </widget>
         <widget source="global.CurrentTime" render="Label" position="921,63" size="148,29" font="Saint; 20" halign="right" backgroundColor="#40000000" zPosition="4" foregroundColor="#ffffff" transparent="1">
           <convert type="ClockToText">Format:%e. %B</convert>
         </widget>
         <widget source="global.CurrentTime" render="Label" position="943,35" size="125,30" font="Saint; 20" halign="right" backgroundColor="#40000000" zPosition="4" foregroundColor="#ffffff" transparent="1">
           <convert type="ClockToText">Format:%A</convert>
         </widget>
		 <widget source="mediaTitle" render="Label" zPosition="4" position="0,593" size="1290,66" font="Saint; 50" halign="center" valign="top" noWrap="1" foregroundColor="#ffffff" backgroundColor="#40000000" transparent="1" />
		 <widget source="mediaTitle" render="Label" position="40,413" size="1290,306" font="Saint; 140"  halign="left" valign="top" noWrap="1" backgroundColor="#ccffffff" transparent="1" foregroundColor="#ccffffff" zPosition="-99" />  
		 
		 <widget source="session.CurrentService" render="Pixmap" pixmap="/usr/lib/enigma2/python/Plugins/Extensions/DreamPlex/skins/Plexi/icons/player-ac3-fs8.png" position="670,20" size="140,95" zPosition="5" alphatest="blend">
           <convert type="ServiceInfo">IsMultichannel</convert>
           <convert type="ConditionalShowHide" />
         </widget>
		
		 <widget source="session.CurrentService" render="Pixmap" pixmap="/usr/lib/enigma2/python/Plugins/Extensions/DreamPlex/skins/Plexi/icons/player-1.78-fs8.png" position="804,20" size="140,95" zPosition="5" alphatest="blend">
           <convert type="ServiceInfo">IsWidescreen</convert>
           <convert type="ConditionalShowHide" />
         </widget>
		 
		 <widget source="session.CurrentService" render="Pixmap" pixmap="/usr/lib/enigma2/python/Plugins/Extensions/DreamPlex/skins/Plexi/icons/player-sd-fs8.png" position="540,19" size="145,95" zPosition="7" alphatest="blend">
			<convert type="ServiceInfo">VideoWidth</convert>
			<convert type="ValueRange">0,720</convert>
			<convert type="ConditionalShowHide" />
		 </widget>
		
		 <widget source="session.CurrentService" render="Pixmap" pixmap="/usr/lib/enigma2/python/Plugins/Extensions/DreamPlex/skins/Plexi/icons/player-hd-fs8.png" position="540,19" size="145,95" zPosition="7" alphatest="blend">
			<convert type="ServiceInfo">VideoWidth</convert>
			<convert type="ValueRange">721,1980</convert>
			<convert type="ConditionalShowHide" />
		 </widget>				
		 
		 <widget source="session.CurrentService" render="Label" font="Regular; 20" position="1117,576" zPosition="4" size="55,30" halign="right" foregroundColor="#ffffff" backgroundColor="#40000000" transparent="1">
           <convert type="ServiceInfo">VideoWidth</convert>
         </widget>
         <eLabel text="x" font="Regular; 20" position="1176,576" size="15,30" halign="center" foregroundColor="#ffffff" backgroundColor="#40000000" zPosition="4" transparent="1" />
         <widget source="session.CurrentService" render="Label" font="Regular; 20" position="1193,576" zPosition="4" size="55,30" halign="left" foregroundColor="#ffffff" backgroundColor="#40000000" transparent="1">
          <convert type="ServiceInfo">VideoHeight</convert>
         </widget>
         
		 <widget source="session.CurrentService" render="PositionGauge" position="151,670" size="980,1" zPosition="3" transparent="1" >
           <convert type="ServicePosition">Gauge</convert>
         </widget>
		
		 <widget source="session.CurrentService" render="Progress" position="151,668" size="980,5" backgroundColor="#ffffff" zPosition="4" transparent="1">
           <convert type="ServicePosition">Position</convert>
         </widget>
       
	     <widget source="session.CurrentService" render="Label" position="15,571" size="130,46" font="Saint; 35" halign="right" valign="center" zPosition="4" backgroundColor="#40000000" transparent="1" foregroundColor="#ffffff">
           <convert type="ServicePosition">Length</convert>
         </widget>
		
		 <widget source="session.CurrentService" render="Label" zPosition="4" position="15,640" size="130,56" font="Saint;35" halign="right" valign="center" backgroundColor="#40000000" shadowColor="#40000000" shadowOffset="-1,-1" transparent="1">
           <convert type="ServicePosition">Position</convert>
         </widget>
		
		 <widget source="session.CurrentService" render="Label" position="1138,640" size="150,56" zPosition="4" font="Saint;35" halign="left" valign="center" foregroundColor="#ffffff" backgroundColor="#40000000" transparent="1">
           <convert type="ServicePosition">Remaining</convert>
         </widget>
		     				
         <ePixmap pixmap="/usr/lib/enigma2/python/Plugins/Extensions/DreamPlex/skins/Plexi/all/back_progress.png" position="151,670" size="980,1" zPosition="3" transparent="1"  />
         <widget name="bufferslider" position="37,60" size="500,8" zPosition="3" transparent="1" pixmap="/usr/lib/enigma2/python/Plugins/Extensions/DreamPlex/skins/Plexi/all/progress-fs8.png" />
        
    </screen>	
    
</skin>